{
  "action_encoder_grad_norm": [
    2.0426998138427734,
    1.7381162643432617,
    2.0381832122802734,
    1.5763827562332153,
    1.986987590789795
  ],
  "action_encoder_grad_norm_T": [
    1004,
    11022,
    21041,
    31059,
    41073
  ],
  "battle_won_mean": [
    0.0,
    0.0,
    0.0,
    0.0,
    0.0,
    0.0
  ],
  "battle_won_mean_T": [
    32,
    10041,
    20052,
    30070,
    40080,
    50100
  ],
  "ep_length_mean": [
    32.0,
    31.87579617834395,
    31.88216560509554,
    31.803174603174604,
    31.878980891719745,
    31.80952380952381
  ],
  "ep_length_mean_T": [
    32,
    10041,
    20052,
    30070,
    40080,
    50100
  ],
  "episode": [
    314,
    628,
    943,
    1257,
    1572
  ],
  "episode_T": [
    10007,
    20021,
    30039,
    40050,
    50066
  ],
  "epsilon": [
    0.0,
    0.0,
    0.0,
    0.0,
    0.0,
    0.0
  ],
  "epsilon_T": [
    32,
    10041,
    20052,
    30070,
    40080,
    50100
  ],
  "grad_norm": [
    7.109388828277588,
    0.5352645516395569,
    0.18036001920700073,
    0.14357316493988037,
    0.09042619168758392,
    0.114292673766613
  ],
  "grad_norm_T": [
    1004,
    11022,
    21041,
    31059,
    41073,
    51095
  ],
  "ices_alpha": [
    0.1,
    0.1,
    0.1,
    0.1,
    0.1,
    0.1
  ],
  "ices_alpha_T": [
    1004,
    11022,
    21041,
    31059,
    41073,
    51095
  ],
  "ices_entropy": [
    1.0855364799499512,
    1.0960248708724976,
    1.0957807302474976,
    1.0819963216781616,
    1.047450304031372,
    1.0409713983535767
  ],
  "ices_entropy_T": [
    1004,
    11022,
    21041,
    31059,
    41073,
    51095
  ],
  "ices_explorer_loss": [
    0.5763785243034363,
    -0.1035822406411171,
    -0.10534518212080002,
    -0.11330132931470871,
    -0.1097533255815506,
    -0.1093159094452858
  ],
  "ices_explorer_loss_T": [
    1004,
    11022,
    21041,
    31059,
    41073,
    51095
  ],
  "ices_fraction_explore_actions": [
    0.0999704897403717,
    0.1021873950958252,
    0.0991789847612381,
    0.10066476464271545,
    0.10311776399612427,
    0.10209062695503235
  ],
  "ices_fraction_explore_actions_T": [
    1004,
    11022,
    21041,
    31059,
    41073,
    51095
  ],
  "ices_intrinsic_mean": [
    0.42062458395957947,
    0.0020242242608219385,
    0.0011083242716267705,
    0.0008089621551334858,
    0.0006551702972501516,
    0.000621940242126584
  ],
  "ices_intrinsic_mean_T": [
    1004,
    11022,
    21041,
    31059,
    41073,
    51095
  ],
  "ices_intrinsic_std": [
    0.032161518931388855,
    0.0010809258092194796,
    0.0005816220073029399,
    0.0004271097423043102,
    0.00038104801205918193,
    0.0003538615710567683
  ],
  "ices_intrinsic_std_T": [
    1004,
    11022,
    21041,
    31059,
    41073,
    51095
  ],
  "ices_kl_mean": [
    0.1750461906194687,
    0.0012817508541047573,
    0.0007145361742004752,
    0.0005565300234593451,
    0.0003264898550696671,
    0.0003094244748353958
  ],
  "ices_kl_mean_T": [
    1004,
    11022,
    21041,
    31059,
    41073,
    51095
  ],
  "ices_scaffold_loss": [
    0.6452207565307617,
    0.07504944503307343,
    0.04765649139881134,
    0.038893066346645355,
    0.03580363839864731,
    0.03727119415998459
  ],
  "ices_scaffold_loss_T": [
    1004,
    11022,
    21041,
    31059,
    41073,
    51095
  ],
  "ices_value_loss": [
    0.19636288285255432,
    3.139932960039005e-05,
    1.5598443496855907e-05,
    2.2043228455004282e-05,
    2.269500146212522e-05,
    2.4788098016870208e-05
  ],
  "ices_value_loss_T": [
    1004,
    11022,
    21041,
    31059,
    41073,
    51095
  ],
  "loss": [
    0.007491979282349348,
    0.0032070407178252935,
    0.0013622889528051019,
    0.0011984673328697681,
    0.0008699093014001846,
    0.0007442731293849647
  ],
  "loss_T": [
    1004,
    11022,
    21041,
    31059,
    41073,
    51095
  ],
  "pred_obs_loss": [
    5.945550441741943,
    1.9716728925704956,
    1.9127122163772583,
    1.813202142715454,
    1.7058662176132202
  ],
  "pred_obs_loss_T": [
    1004,
    11022,
    21041,
    31059,
    41073
  ],
  "pred_r_loss": [
    0.006799474358558655,
    0.0005536278476938605,
    0.0005957980756647885,
    0.0005363686359487474,
    0.00044721487211063504
  ],
  "pred_r_loss_T": [
    1004,
    11022,
    21041,
    31059,
    41073
  ],
  "q_taken_mean": [
    -0.010462294431216108,
    -0.009796132614828191,
    -0.0066163234087786215,
    -0.004434893360983699,
    -0.003045043459645024,
    7.048095641860981e-05
  ],
  "q_taken_mean_T": [
    1004,
    11022,
    21041,
    31059,
    41073,
    51095
  ],
  "return_mean": [
    0.5837837837837838,
    0.32494405233258733,
    0.334859700464796,
    0.31299871299871307,
    0.33919779652263726,
    0.32823680823680823
  ],
  "return_mean_T": [
    32,
    10041,
    20052,
    30070,
    40080,
    50100
  ],
  "return_std": [
    0.0,
    0.12622064241337283,
    0.14452010498804563,
    0.1348486514077,
    0.1372330268849674,
    0.14443566769797875
  ],
  "return_std_T": [
    32,
    10041,
    20052,
    30070,
    40080,
    50100
  ],
  "role_loss": [
    0.07090035080909729,
    0.0061785755679011345,
    0.0037207750137895346,
    0.0032800480257719755,
    0.0022538043558597565,
    0.004533367697149515
  ],
  "role_loss_T": [
    1004,
    11022,
    21041,
    31059,
    41073,
    51095
  ],
  "role_q_taken_mean": [
    -0.020960255741909534,
    -0.010971688177391015,
    -0.001129236263439763,
    0.001544113672943629,
    0.005754335962160669,
    0.010508251909114072
  ],
  "role_q_taken_mean_T": [
    1004,
    11022,
    21041,
    31059,
    41073,
    51095
  ],
  "target_mean": [
    -0.009315975932785063,
    -0.01103714979498812,
    -0.005868450652680852,
    -0.005041566773932309,
    -0.0028522958358128867,
    9.986048622891075e-05
  ],
  "target_mean_T": [
    1004,
    11022,
    21041,
    31059,
    41073,
    51095
  ],
  "td_error_abs": [
    0.06596455061103243,
    0.04628166325762503,
    0.024908997859860876,
    0.02794221355129746,
    0.021168801933526993,
    0.019168006656504633
  ],
  "td_error_abs_T": [
    1004,
    11022,
    21041,
    31059,
    41073,
    51095
  ],
  "test_battle_won_mean": [
    0.0,
    0.0,
    0.0,
    0.0,
    0.0,
    0.0
  ],
  "test_battle_won_mean_T": [
    32,
    10041,
    20052,
    30070,
    40080,
    50100
  ],
  "test_ep_length_mean": [
    29.09375,
    29.0,
    29.125,
    28.96875,
    29.0,
    112.34375
  ],
  "test_ep_length_mean_T": [
    32,
    10041,
    20052,
    30070,
    40080,
    50100
  ],
  "test_return_mean": [
    0.0,
    0.0,
    0.0,
    0.0,
    0.0,
    3.2023648648648653
  ],
  "test_return_mean_T": [
    32,
    10041,
    20052,
    30070,
    40080,
    50100
  ],
  "test_return_std": [
    0.0,
    0.0,
    0.0,
    0.0,
    0.0,
    0.6825795098400405
  ],
  "test_return_std_T": [
    32,
    10041,
    20052,
    30070,
    40080,
    50100
  ]
}