{
  "action_encoder_grad_norm": [
    8.165816307067871,
    1.7389618158340454,
    1.2198039293289185,
    1.4888917207717896,
    1.9902650117874146
  ],
  "action_encoder_grad_norm_T": [
    748,
    10761,
    20767,
    30775,
    40796
  ],
  "battle_won_mean": [
    0.0,
    0.0,
    0.0,
    0.0,
    0.0,
    0.0
  ],
  "battle_won_mean_T": [
    21,
    10021,
    20036,
    30048,
    40055,
    50076
  ],
  "ep_length_mean": [
    21.0,
    23.14814814814815,
    22.761363636363637,
    22.348214285714285,
    21.801742919389977,
    21.276008492569
  ],
  "ep_length_mean_T": [
    21,
    10021,
    20036,
    30048,
    40055,
    50076
  ],
  "episode": [
    433,
    873,
    1321,
    1780,
    2251
  ],
  "episode_T": [
    10021,
    20036,
    30048,
    40055,
    50076
  ],
  "epsilon": [
    1.0,
    0.810057,
    0.619734,
    0.42950600000000005,
    0.23933500000000008,
    0.9999145
  ],
  "epsilon_T": [
    21,
    10021,
    20036,
    30048,
    40055,
    50076
  ],
  "grad_norm": [
    31.67228126525879,
    2.260734796524048,
    0.8265955448150635,
    1.1432170867919922,
    4.356746196746826,
    0.8427496552467346
  ],
  "grad_norm_T": [
    748,
    10761,
    20767,
    30775,
    40796,
    50808
  ],
  "loss": [
    0.19159579277038574,
    0.02206968516111374,
    0.02078896015882492,
    0.018689781427383423,
    0.026132434606552124,
    0.07809920608997345
  ],
  "loss_T": [
    748,
    10761,
    20767,
    30775,
    40796,
    50808
  ],
  "pred_obs_loss": [
    3.567465305328369,
    1.1155022382736206,
    1.0154212713241577,
    0.880239725112915,
    0.9036396741867065
  ],
  "pred_obs_loss_T": [
    748,
    10761,
    20767,
    30775,
    40796
  ],
  "pred_r_loss": [
    0.13053391873836517,
    0.015759725123643875,
    0.014756117016077042,
    0.01258311327546835,
    0.014034260995686054
  ],
  "pred_r_loss_T": [
    748,
    10761,
    20767,
    30775,
    40796
  ],
  "q_taken_mean": [
    -0.20663331111697164,
    -0.08542597326693785,
    0.0006517363783994229,
    0.07540523962223486,
    0.154963258609893,
    0.27829731501275967
  ],
  "q_taken_mean_T": [
    748,
    10761,
    20767,
    30775,
    40796,
    50808
  ],
  "return_mean": [
    5.135135135135135,
    5.001591435185185,
    4.195243396805897,
    3.2695953486969116,
    2.2214162692103874,
    1.0495854134389169
  ],
  "return_mean_T": [
    21,
    10021,
    20036,
    30048,
    40055,
    50076
  ],
  "return_std": [
    0.0,
    0.5750069061079874,
    0.6063704789208871,
    0.5661258582346327,
    0.5930789561311207,
    0.6167155814787498
  ],
  "return_std_T": [
    21,
    10021,
    20036,
    30048,
    40055,
    50076
  ],
  "role_loss": [
    1.7144099473953247,
    0.06255277246236801,
    0.07427868992090225,
    0.10519911348819733,
    0.3569304645061493,
    0.16115254163742065
  ],
  "role_loss_T": [
    748,
    10761,
    20767,
    30775,
    40796,
    50808
  ],
  "role_q_taken_mean": [
    -0.0024803950011364523,
    0.3520032665397547,
    0.32391982215912746,
    0.3716366280986287,
    0.2711806800295029,
    0.17291010439006332
  ],
  "role_q_taken_mean_T": [
    748,
    10761,
    20767,
    30775,
    40796,
    50808
  ],
  "target_mean": [
    -0.1588130549738539,
    -0.08388683224512526,
    -0.003547642939215074,
    0.08247594868307148,
    0.15948085802235892,
    0.2866572076748299
  ],
  "target_mean_T": [
    748,
    10761,
    20767,
    30775,
    40796,
    50808
  ],
  "td_error_abs": [
    0.34531892174705464,
    0.11613338249774019,
    0.116730784721115,
    0.10702000083504143,
    0.1251953083422918,
    0.21691186243620164
  ],
  "td_error_abs_T": [
    748,
    10761,
    20767,
    30775,
    40796,
    50808
  ],
  "test_battle_won_mean": [
    0.0,
    0.0,
    0.0,
    0.0,
    0.0,
    0.0
  ],
  "test_battle_won_mean_T": [
    21,
    10021,
    20036,
    30048,
    40055,
    50076
  ],
  "test_ep_length_mean": [
    20.84375,
    21.0,
    20.625,
    20.5625,
    20.875,
    24.75
  ],
  "test_ep_length_mean_T": [
    21,
    10021,
    20036,
    30048,
    40055,
    50076
  ],
  "test_return_mean": [
    0.0,
    0.0,
    0.0,
    0.0,
    0.0,
    2.7592905405405412
  ],
  "test_return_mean_T": [
    21,
    10021,
    20036,
    30048,
    40055,
    50076
  ],
  "test_return_std": [
    0.0,
    0.0,
    0.0,
    0.0,
    0.0,
    0.7993091707400495
  ],
  "test_return_std_T": [
    21,
    10021,
    20036,
    30048,
    40055,
    50076
  ]
}