{
  "action_encoder_grad_norm": [
    1.705877423286438
  ],
  "action_encoder_grad_norm_T": [
    1101413
  ],
  "battle_won_mean": [
    0.0,
    0.0,
    0.0,
    0.0,
    0.0,
    0.0,
    0.0,
    0.0,
    0.0,
    0.0,
    0.0,
    0.0,
    0.0,
    0.0,
    0.0,
    0.0,
    0.0,
    0.0,
    0.0,
    0.0,
    0.0,
    0.0,
    0.0,
    0.0,
    0.0,
    0.0,
    0.0,
    0.0,
    0.0,
    0.0,
    0.0,
    0.0,
    0.0
  ],
  "battle_won_mean_T": [
    1100278,
    1110310,
    1120344,
    1130349,
    1140406,
    1150435,
    1160435,
    1170456,
    1180458,
    1190476,
    1200491,
    1210514,
    1220535,
    1230556,
    1240577,
    1250605,
    1260611,
    1270623,
    1280647,
    1290653,
    1300664,
    1310679,
    1320691,
    1330697,
    1340697,
    1350697,
    1360719,
    1370732,
    1380787,
    1390794,
    1400813,
    1410821,
    1420935
  ],
  "ep_length_mean": [
    37.0,
    36.88235294117647,
    36.093525179856115,
    36.11913357400722,
    35.53710247349823,
    35.189473684210526,
    35.08771929824562,
    34.43642611683849,
    33.905084745762714,
    32.84590163934426,
    31.693037974683545,
    30.65137614678899,
    30.64525993883792,
    29.913432835820895,
    29.215743440233236,
    28.488636363636363,
    28.835734870317,
    28.524216524216524,
    28.558404558404558,
    28.26553672316384,
    28.04201680672269,
    27.438356164383563,
    27.581267217630852,
    28.67048710601719,
    27.855153203342617,
    29.673590504451038,
    29.827380952380953,
    31.4874213836478,
    31.819620253164558,
    34.50689655172414,
    32.74183006535948,
    37.343283582089555,
    39.976284584980235
  ],
  "ep_length_mean_T": [
    1100278,
    1110310,
    1120344,
    1130349,
    1140406,
    1150435,
    1160435,
    1170456,
    1180458,
    1190476,
    1200491,
    1210514,
    1220535,
    1230556,
    1240577,
    1250605,
    1260611,
    1270623,
    1280647,
    1290653,
    1300664,
    1310679,
    1320691,
    1330697,
    1340697,
    1350697,
    1360719,
    1370732,
    1380787,
    1390794,
    1400813,
    1410821,
    1420935
  ],
  "episode": [
    1,
    273,
    551,
    828,
    1111,
    1396,
    1681,
    1972,
    2267,
    2572,
    2888,
    3215,
    3542,
    3877,
    4220,
    4572,
    4919,
    5270,
    5621,
    5975,
    6332,
    6697,
    7060,
    7409,
    7768,
    8105,
    8441,
    8759,
    9075,
    9365,
    9671,
    9939,
    10192
  ],
  "episode_T": [
    1100278,
    1110310,
    1120344,
    1130349,
    1140406,
    1150435,
    1160435,
    1170456,
    1180458,
    1190476,
    1200491,
    1210514,
    1220535,
    1230556,
    1240577,
    1250605,
    1260611,
    1270623,
    1280647,
    1290653,
    1300664,
    1310679,
    1320691,
    1330697,
    1340697,
    1350697,
    1360719,
    1370732,
    1380787,
    1390794,
    1400813,
    1410821,
    1420935
  ],
  "epsilon": [
    1.0,
    0.9809335,
    0.9618822,
    0.9428613,
    0.9237967,
    0.9046922000000001,
    0.8857435,
    0.8666561,
    0.8476504,
    0.8286143,
    0.8095801,
    0.7905326,
    0.7715003,
    0.7524661,
    0.7334148,
    0.7143635,
    0.6953559,
    0.6763236,
    0.6572761,
    0.6382761,
    0.6192438,
    0.6002153000000001,
    0.581202,
    0.5621868000000001,
    0.5431887,
    0.5241830000000001,
    0.5051488000000001,
    0.48612220000000006,
    0.46730460000000007,
    0.4480120000000001,
    0.4289607000000001,
    0.40996070000000007,
    0.3910234
  ],
  "epsilon_T": [
    1100278,
    1110310,
    1120344,
    1130349,
    1140406,
    1150435,
    1160435,
    1170456,
    1180458,
    1190476,
    1200491,
    1210514,
    1220535,
    1230556,
    1240577,
    1250605,
    1260611,
    1270623,
    1280647,
    1290653,
    1300664,
    1310679,
    1320691,
    1330697,
    1340697,
    1350697,
    1360719,
    1370732,
    1380787,
    1390794,
    1400813,
    1410821,
    1420935
  ],
  "grad_norm": [
    191.61734008789062,
    1.027616262435913,
    1.886662244796753,
    1.4339995384216309,
    0.7536406517028809,
    1.147964596748352,
    1.2701128721237183,
    1.3275209665298462,
    1.6251188516616821,
    0.9298217296600342,
    0.4968506991863251,
    1.373299479484558,
    1.355072021484375,
    0.4637775123119354,
    0.9541159272193909,
    1.5757144689559937,
    0.8343295454978943,
    3.5585665702819824,
    0.7549764513969421,
    1.950907826423645,
    4.418578624725342,
    2.135173797607422,
    2.608708620071411,
    2.250910758972168,
    3.807708740234375,
    2.421534776687622,
    2.5815374851226807,
    6.864964962005615,
    1.2596380710601807,
    80159164071936.0,
    4524911104.0,
    3.5412135124206543,
    2.5754594802856445
  ],
  "grad_norm_T": [
    1101413,
    1111420,
    1121455,
    1131486,
    1141511,
    1151534,
    1161564,
    1171584,
    1181590,
    1191592,
    1201611,
    1211616,
    1221639,
    1231653,
    1241673,
    1251679,
    1261687,
    1271695,
    1281708,
    1291734,
    1301753,
    1311771,
    1321934,
    1331958,
    1341969,
    1351978,
    1361981,
    1372001,
    1382007,
    1392017,
    1402045,
    1412111,
    1422135
  ],
  "loss": [
    41.503204345703125,
    0.01084136962890625,
    0.010845424607396126,
    0.00952164176851511,
    0.008129083551466465,
    0.007391011342406273,
    0.008960097096860409,
    0.008875524625182152,
    0.012061376124620438,
    0.010406708344817162,
    0.010473931208252907,
    0.012877404689788818,
    0.015149323269724846,
    0.01514149084687233,
    0.02000301703810692,
    0.020187851041555405,
    0.019241269677877426,
    0.02865675836801529,
    0.021068818867206573,
    0.020550519227981567,
    0.03146812319755554,
    0.028992466628551483,
    0.0304514579474926,
    0.027122661471366882,
    0.03644285351037979,
    0.029125194996595383,
    0.03356365114450455,
    0.05954975634813309,
    0.030957527458667755,
    0.040216922760009766,
    0.057856619358062744,
    0.030256375670433044,
    0.02007400244474411
  ],
  "loss_T": [
    1101413,
    1111420,
    1121455,
    1131486,
    1141511,
    1151534,
    1161564,
    1171584,
    1181590,
    1191592,
    1201611,
    1211616,
    1221639,
    1231653,
    1241673,
    1251679,
    1261687,
    1271695,
    1281708,
    1291734,
    1301753,
    1311771,
    1321934,
    1331958,
    1341969,
    1351978,
    1361981,
    1372001,
    1382007,
    1392017,
    1402045,
    1412111,
    1422135
  ],
  "pred_obs_loss": [
    1.5946978330612183
  ],
  "pred_obs_loss_T": [
    1101413
  ],
  "pred_r_loss": [
    0.0010896353051066399
  ],
  "pred_r_loss_T": [
    1101413
  ],
  "q_taken_mean": [
    0.13866960672343098,
    0.10176431934147905,
    0.11554264625375048,
    0.1119427435164482,
    0.11958168289770242,
    0.11723516714534751,
    0.11534131569837136,
    0.11881964627877936,
    0.11861608360014173,
    0.12471091767661592,
    0.13170769556664122,
    0.13413745382061354,
    0.1369137060090121,
    0.14488849564740938,
    0.149954535628633,
    0.1544855068302101,
    0.16404169500686427,
    0.16002280896692697,
    0.17023763375817885,
    0.1763203092012004,
    0.17298209313118812,
    0.18465028474625145,
    0.19107948057153756,
    0.19130922780380988,
    0.1985174917598334,
    0.1949580594880116,
    0.21056311588822893,
    0.20714308583725918,
    0.2190538496481868,
    0.16323571381745516,
    0.1947048611111111,
    0.18877128598276494,
    0.14594669500403426
  ],