{
  "action_encoder_grad_norm": [
    4.0673627853393555,
    1.8741819858551025,
    2.307549476623535,
    1.6520717144012451,
    2.7754173278808594
  ],
  "action_encoder_grad_norm_T": [
    1047,
    11073,
    21097,
    31114,
    41115
  ],
  "battle_won_mean": [
    0.0,
    0.0,
    0.0,
    0.0,
    0.0,
    0.0
  ],
  "battle_won_mean_T": [
    64,
    10076,
    20085,
    30103,
    40121,
    50144
  ],
  "ep_length_mean": [
    32.0,
    31.784126984126985,
    31.87579617834395,
    31.904458598726116,
    31.803174603174604,
    32.022364217252395
  ],
  "ep_length_mean_T": [
    64,
    10076,
    20085,
    30103,
    40121,
    50144
  ],
  "episode": [
    314,
    628,
    942,
    1257,
    1570
  ],
  "episode_T": [
    10014,
    20020,
    30037,
    40059,
    50073
  ],
  "epsilon": [
    0.0,
    0.0,
    0.0,
    0.0,
    0.0,
    0.0
  ],
  "epsilon_T": [
    64,
    10076,
    20085,
    30103,
    40121,
    50144
  ],
  "grad_norm": [
    5.1188836097717285,
    0.6537749171257019,
    0.38823360204696655,
    0.15268853306770325,
    0.23405644297599792,
    0.08572013676166534
  ],
  "grad_norm_T": [
    1047,
    11073,
    21097,
    31114,
    41115,
    51143
  ],
  "ices_alpha": [
    0.1,
    0.1,
    0.1,
    0.1,
    0.1,
    0.1
  ],
  "ices_alpha_T": [
    1047,
    11073,
    21097,
    31114,
    41115,
    51143
  ],
  "ices_entropy": [
    1.0399246215820312,
    1.052623987197876,
    1.0558193922042847,
    1.081784963607788,
    1.1108821630477905,
    1.0479968786239624
  ],
  "ices_entropy_T": [
    1047,
    11073,
    21097,
    31114,
    41115,
    51143
  ],
  "ices_explorer_loss": [
    0.4223387837409973,
    -0.11357054114341736,
    -0.09904709458351135,
    -0.1026068702340126,
    -0.10586126893758774,
    -0.11140020191669464
  ],
  "ices_explorer_loss_T": [
    1047,
    11073,
    21097,
    31114,
    41115,
    51143
  ],
  "ices_fraction_explore_actions": [
    0.10198868811130524,
    0.09947192668914795,
    0.10011687874794006,
    0.09934640675783157,
    0.09976577013731003,
    0.10146938264369965
  ],
  "ices_fraction_explore_actions_T": [
    1047,
    11073,
    21097,
    31114,
    41115,
    51143
  ],
  "ices_intrinsic_mean": [
    0.42121225595474243,
    0.0018957473803311586,
    0.0010853258427232504,
    0.0007950071594677866,
    0.000606251647695899,
    0.0006549268146045506
  ],
  "ices_intrinsic_mean_T": [
    1047,
    11073,
    21097,
    31114,
    41115,
    51143
  ],
  "ices_intrinsic_std": [
    0.0718064084649086,
    0.0009683223906904459,
    0.000595647026784718,
    0.00044853254803456366,
    0.000314396369503811,
    0.0007424169452860951
  ],
  "ices_intrinsic_std_T": [
    1047,
    11073,
    21097,
    31114,
    41115,
    51143
  ],
  "ices_kl_mean": [
    0.20054182410240173,
    0.0009250857401639223,
    0.0006191839929670095,
    0.0003430030192248523,
    0.0003026478225365281,
    0.00032154726795852184
  ],
  "ices_kl_mean_T": [
    1047,
    11073,
    21097,
    31114,
    41115,
    51143
  ],
  "ices_scaffold_loss": [
    0.6923370361328125,
    0.0724494606256485,
    0.04672140255570412,
    0.03833116590976715,
    0.034963615238666534,
    0.03911392018198967
  ],
  "ices_scaffold_loss_T": [
    1047,
    11073,
    21097,
    31114,
    41115,
    51143
  ],
  "ices_value_loss": [
    0.12798164784908295,
    6.332303746603429e-05,
    3.872986417263746e-05,
    2.6957306545227766e-05,
    2.2370271835825406e-05,
    3.966850636061281e-05
  ],
  "ices_value_loss_T": [
    1047,
    11073,
    21097,
    31114,
    41115,
    51143
  ],
  "loss": [
    0.0799795538187027,
    0.00918138399720192,
    0.0032806217204779387,
    0.0022532991133630276,
    0.002136548515409231,
    0.0018902813317254186
  ],
  "loss_T": [
    1047,
    11073,
    21097,
    31114,
    41115,
    51143
  ],
  "pred_obs_loss": [
    5.617772102355957,
    1.9794037342071533,
    1.9864208698272705,
    1.8513318300247192,
    1.8737119436264038
  ],
  "pred_obs_loss_T": [
    1047,
    11073,
    21097,
    31114,
    41115
  ],
  "pred_r_loss": [
    0.023453952744603157,
    0.0006472044042311609,
    0.0005294590373523533,
    0.0005277832387946546,
    0.0004094152827747166
  ],
  "pred_r_loss_T": [
    1047,
    11073,
    21097,
    31114,
    41115
  ],
  "q_taken_mean": [
    0.01067076044303617,
    0.011014252964242735,
    0.0067203217143512245,
    0.012730659257699029,
    0.014294173807896103,
    0.011731710768850398
  ],
  "q_taken_mean_T": [
    1047,
    11073,
    21097,
    31114,
    41115,
    51143
  ],
  "return_mean": [
    0.2594594594594595,
    0.33132561132561134,
    0.3210191082802548,
    0.3305216044069547,
    0.31649935649935657,
    0.3237026163543736
  ],
  "return_mean_T": [
    64,
    10076,
    20085,
    30103,
    40121,
    50144
  ],
  "return_std": [
    0.0,
    0.13279921641783785,
    0.14144951450733614,
    0.13963559877384082,
    0.13856241974770625,
    0.1677331796550372
  ],
  "return_std_T": [
    64,
    10076,
    20085,
    30103,
    40121,
    50144
  ],
  "role_loss": [
    0.0988929346203804,
    0.005105582997202873,
    0.0037712487392127514,
    0.0032257428392767906,
    0.002428739331662655,
    0.006760577671229839
  ],
  "role_loss_T": [
    1047,
    11073,
    21097,
    31114,
    41115,
    51143
  ],
  "role_q_taken_mean": [
    0.03060534936735951,
    0.02604337222471999,
    0.016160415523827323,
    0.011544264217562064,
    0.0043184531208936595,
    0.008408285834051826
  ],
  "role_q_taken_mean_T": [
    1047,
    11073,
    21097,
    31114,
    41115,
    51143
  ],
  "target_mean": [
    0.010718588575875753,
    0.009094577584710491,
    0.007887842570013731,
    0.012002519151830293,
    0.013418073379143565,
    0.011755835366579055
  ],
  "target_mean_T": [
    1047,
    11073,
    21097,
    31114,
    41115,
    51143
  ],
  "td_error_abs": [
    0.19700894661137622,
    0.07174826177084596,
    0.04288538344042776,
    0.037564902212105546,
    0.03609619592960644,
    0.03156915201119341
  ],
  "td_error_abs_T": [
    1047,
    11073,
    21097,
    31114,
    41115,
    51143
  ],
  "test_battle_won_mean": [
    0.0,
    0.0,
    0.0,
    0.0,
    0.0,
    0.0
  ],
  "test_battle_won_mean_T": [
    64,
    10076,
    20085,
    30103,
    40121,
    50144
  ],
  "test_ep_length_mean": [
    29.09375,
    29.0,
    28.9375,
    28.9375,
    28.90625,
    86.0625
  ],
  "test_ep_length_mean_T": [
    64,
    10076,
    20085,
    30103,
    40121,
    50144
  ],
  "test_return_mean": [
    0.0,
    0.0,
    0.0,
    0.0,
    0.0,
    2.7202702702702704
  ],
  "test_return_mean_T": [
    64,
    10076,
    20085,
    30103,
    40121,
    50144
  ],
  "test_return_std": [
    0.0,
    0.0,
    0.0,
    0.0,
    0.0,
    0.7167145130431785
  ],
  "test_return_std_T": [
    64,
    10076,
    20085,
    30103,
    40121,
    50144
  ]
}