{
  "action_encoder_grad_norm": [
    4.0673627853393555,
    1.8741819858551025
  ],
  "action_encoder_grad_norm_T": [
    1015,
    11041
  ],
  "battle_won_mean": [
    0.0,
    0.0
  ],
  "battle_won_mean_T": [
    32,
    10044
  ],
  "ep_length_mean": [
    32.0,
    31.784126984126985
  ],
  "ep_length_mean_T": [
    32,
    10044
  ],
  "episode": [
    315
  ],
  "episode_T": [
    10012
  ],
  "epsilon": [
    0.0,
    0.0
  ],
  "epsilon_T": [
    32,
    10044
  ],
  "grad_norm": [
    5.1188836097717285,
    0.6537749171257019
  ],
  "grad_norm_T": [
    1015,
    11041
  ],
  "ices_alpha": [
    0.1,
    0.1
  ],
  "ices_alpha_T": [
    1015,
    11041
  ],
  "ices_entropy": [
    1.0399246215820312,
    1.0526241064071655
  ],
  "ices_entropy_T": [
    1015,
    11041
  ],
  "ices_explorer_loss": [
    0.4223387837409973,
    -0.11357048153877258
  ],
  "ices_explorer_loss_T": [
    1015,
    11041
  ],
  "ices_fraction_explore_actions": [
    0.10198868811130524,
    0.09947192668914795
  ],
  "ices_fraction_explore_actions_T": [
    1015,
    11041
  ],
  "ices_intrinsic_mean": [
    0.42121225595474243,
    0.0018957473803311586
  ],
  "ices_intrinsic_mean_T": [
    1015,
    11041
  ],
  "ices_intrinsic_std": [
    0.0718064084649086,
    0.0009683223906904459
  ],
  "ices_intrinsic_std_T": [
    1015,
    11041
  ],
  "ices_kl_mean": [
    0.20054182410240173,
    0.0009250857401639223
  ],
  "ices_kl_mean_T": [
    1015,
    11041
  ],
  "ices_scaffold_loss": [
    0.6923370361328125,
    0.0724494606256485
  ],
  "ices_scaffold_loss_T": [
    1015,
    11041
  ],
  "ices_value_loss": [
    0.12798164784908295,
    6.332191696856171e-05
  ],
  "ices_value_loss_T": [
    1015,
    11041
  ],
  "loss": [
    0.0799795538187027,
    0.00918138399720192
  ],
  "loss_T": [
    1015,
    11041
  ],
  "pred_obs_loss": [
    5.617772102355957,
    1.9794037342071533
  ],
  "pred_obs_loss_T": [
    1015,
    11041
  ],
  "pred_r_loss": [
    0.023453952744603157,
    0.0006472044042311609
  ],
  "pred_r_loss_T": [
    1015,
    11041
  ],
  "q_taken_mean": [
    0.01067076044303617,
    0.011014252964242735
  ],
  "q_taken_mean_T": [
    1015,
    11041
  ],
  "return_mean": [
    0.2594594594594595,
    0.33132561132561134
  ],
  "return_mean_T": [
    32,
    10044
  ],
  "return_std": [
    0.0,
    0.13279921641783785
  ],
  "return_std_T": [
    32,
    10044
  ],
  "role_loss": [
    0.0988929346203804,
    0.005105582997202873
  ],
  "role_loss_T": [
    1015,
    11041
  ],
  "role_q_taken_mean": [
    0.03060534936735951,
    0.02604337222471999
  ],
  "role_q_taken_mean_T": [
    1015,
    11041
  ],
  "target_mean": [
    0.010718588575875753,
    0.009094577584710491
  ],
  "target_mean_T": [
    1015,
    11041
  ],
  "td_error_abs": [
    0.19700894661137622,
    0.07174826177084596
  ],
  "td_error_abs_T": [
    1015,
    11041
  ],
  "test_battle_won_mean": [
    0.0,
    0.0
  ],
  "test_battle_won_mean_T": [
    32,
    10044
  ],
  "test_ep_length_mean": [
    29.09375,
    29.0
  ],
  "test_ep_length_mean_T": [
    32,
    10044
  ],
  "test_return_mean": [
    0.0,
    0.0
  ],
  "test_return_mean_T": [
    32,
    10044
  ],
  "test_return_std": [
    0.0,
    0.0
  ],
  "test_return_std_T": [
    32,
    10044
  ]
}