{
  "action_encoder_grad_norm": [
    1.9874534606933594
  ],
  "action_encoder_grad_norm_T": [
    1601650
  ],
  "battle_won_mean": [
    0.0,
    0.0,
    0.0,
    0.0,
    0.0,
    0.0,
    0.0,
    0.0,
    0.0,
    0.0,
    0.0,
    0.0,
    0.0,
    0.0,
    0.0,
    0.0,
    0.0,
    0.0,
    0.0,
    0.0,
    0.0,
    0.0,
    0.0,
    0.0,
    0.0,
    0.0,
    0.0,
    0.0,
    0.0,
    0.0,
    0.0,
    0.0,
    0.0
  ],
  "battle_won_mean_T": [
    1600456,
    1610487,
    1620504,
    1630532,
    1640539,
    1650551,
    1660570,
    1670583,
    1680587,
    1690622,
    1700645,
    1710659,
    1720671,
    1730691,
    1740715,
    1750731,
    1760762,
    1770795,
    1780826,
    1790843,
    1800856,
    1810880,
    1820898,
    1830963,
    1840976,
    1850989,
    1861017,
    1871022,
    1881033,
    1891034,
    1901061,
    1911079,
    1921095
  ],
  "ep_length_mean": [
    33.0,
    37.01476014760148,
    37.1,
    36.46545454545455,
    35.48581560283688,
    35.88530465949821,
    35.52836879432624,
    35.381625441696116,
    36.11552346570397,
    35.08741258741259,
    35.924731182795696,
    37.365671641791046,
    36.944649446494466,
    36.43636363636364,
    36.05755395683453,
    38.08365019011407,
    37.42910447761194,
    38.29389312977099,
    38.43295019157088,
    38.232824427480914,
    39.73412698412698,
    41.421487603305785,
    39.286274509803924,
    37.00367647058823,
    40.052,
    37.22304832713755,
    36.333333333333336,
    35.86021505376344,
    35.5,
    36.23550724637681,
    36.46181818181818,
    37.52059925093633,
    37.51310861423221
  ],
  "ep_length_mean_T": [
    1600456,
    1610487,
    1620504,
    1630532,
    1640539,
    1650551,
    1660570,
    1670583,
    1680587,
    1690622,
    1700645,
    1710659,
    1720671,
    1730691,
    1740715,
    1750731,
    1760762,
    1770795,
    1780826,
    1790843,
    1800856,
    1810880,
    1820898,
    1830963,
    1840976,
    1850989,
    1861017,
    1871022,
    1881033,
    1891034,
    1901061,
    1911079,
    1921095
  ],
  "episode": [
    1,
    272,
    542,
    817,
    1099,
    1378,
    1660,
    1943,
    2220,
    2506,
    2785,
    3053,
    3324,
    3599,
    3877,
    4140,
    4408,
    4670,
    4931,
    5193,
    5445,
    5687,
    5942,
    6214,
    6464,
    6733,
    7009,
    7288,
    7570,
    7846,
    8121,
    8388,
    8655
  ],
  "episode_T": [
    1600456,
    1610487,
    1620504,
    1630532,
    1640539,
    1650551,
    1660570,
    1670583,
    1680587,
    1690622,
    1700645,
    1710659,
    1720671,
    1730691,
    1740715,
    1750731,
    1760762,
    1770795,
    1780826,
    1790843,
    1800856,
    1810880,
    1820898,
    1830963,
    1840976,
    1850989,
    1861017,
    1871022,
    1881033,
    1891034,
    1901061,
    1911079,
    1921095
  ],
  "epsilon": [
    1.0,
    0.9809449,
    0.9619088,
    0.9428613,
    0.9238366,
    0.904829,
    0.8857986,
    0.8667568,
    0.8477568,
    0.8286903,
    0.8096447,
    0.7906162,
    0.7715915,
    0.7525592,
    0.7335364,
    0.7144927000000001,
    0.6954205,
    0.6763616,
    0.6573179,
    0.6382723,
    0.6192419,
    0.6002210000000001,
    0.581164,
    0.5621165,
    0.5430215,
    0.5239949,
    0.5049379,
    0.48592650000000004,
    0.46690940000000003,
    0.4479094,
    0.4288524,
    0.4098239,
    0.3907859
  ],
  "epsilon_T": [
    1600456,
    1610487,
    1620504,
    1630532,
    1640539,
    1650551,
    1660570,
    1670583,
    1680587,
    1690622,
    1700645,
    1710659,
    1720671,
    1730691,
    1740715,
    1750731,
    1760762,
    1770795,
    1780826,
    1790843,
    1800856,
    1810880,
    1820898,
    1830963,
    1840976,
    1850989,
    1861017,
    1871022,
    1881033,
    1891034,
    1901061,
    1911079,
    1921095
  ],
  "grad_norm": [
    1380.0806884765625,
    50.300655364990234,
    33.75778579711914,
    52.5633430480957,
    73.8724365234375,
    106.46422576904297,
    230.11822509765625,
    173.86863708496094,
    189.58135986328125,
    247.91122436523438,
    241.19908142089844,
    228.48089599609375,
    237.35379028320312,
    410.1169128417969,
    849.654296875,
    1029.26513671875,
    1991.285888671875,
    3511.64013671875,
    3843.09765625,
    2909.41357421875,
    3704.587646484375,
    3991.779541015625,
    3848.6826171875,
    7936.328125,
    7458.583984375,
    9622.2646484375,
    8248.29296875,
    14323.537109375,
    20012.31640625,
    25280.033203125,
    18731.30859375,
    22404.484375,
    19171.359375
  ],
  "grad_norm_T": [
    1601650,
    1611669,
    1621678,
    1631692,
    1641713,
    1651733,
    1661734,
    1671737,
    1681760,
    1691785,
    1701804,
    1711835,
    1721837,
    1731846,
    1741872,
    1751895,
    1761898,
    1771922,
    1781928,
    1791944,
    1801944,
    1811957,
    1821977,
    1831984,
    1842018,
    1852036,
    1862045,
    1872061,
    1882077,
    1892078,
    1902091,
    1912098,
    1922124
  ],
  "loss": [
    273.40802001953125,
    2.4109654426574707,
    2.3485755920410156,
    4.412416458129883,
    5.422451496124268,
    5.789478778839111,
    12.935853004455566,
    10.67418384552002,
    14.149045944213867,
    16.83791160583496,
    14.4789400100708,
    22.500972747802734,
    23.870113372802734,
    38.243255615234375,
    70.83712005615234,
    95.23880004882812,
    243.21022033691406,
    276.787841796875,
    247.95106506347656,
    225.9221954345703,
    239.4171600341797,
    275.8551940917969,
    378.59942626953125,
    764.3125610351562,
    498.1362609863281,
    751.5748901367188,
    1077.2816162109375,
    1112.04296875,
    1027.593994140625,
    1349.6588134765625,
    1386.515869140625,
    1210.43310546875,
    1348.8245849609375
  ],
  "loss_T": [
    1601650,
    1611669,
    1621678,
    1631692,
    1641713,
    1651733,
    1661734,
    1671737,
    1681760,
    1691785,
    1701804,
    1711835,
    1721837,
    1731846,
    1741872,
    1751895,
    1761898,
    1771922,
    1781928,
    1791944,
    1801944,
    1811957,
    1821977,
    1831984,
    1842018,
    1852036,
    1862045,
    1872061,
    1882077,
    1892078,
    1902091,
    1912098,
    1922124
  ],
  "pred_obs_loss": [
    1.180947184562683
  ],
  "pred_obs_loss_T": [
    1601650
  ],
  "pred_r_loss": [
    0.000699885655194521
  ],
  "pred_r_loss_T": [
    1601650
  ],
  "q_taken_mean": [
    0.25719512172115067,
    0.28563344520944317,
    0.2725505777525471,
    0.3176158561803347,
    0.3570886236289938,
    0.33480255740981035,
    0.437578749295401,
    0.4702159934513014,
    0.5390805384742249,
    0.59503921492196,
    0.52932700063361,
    0.6868863016323954,
    0.667098513400335,
    0.8573066469397228,
    1.1584353025168639,
    1.1918165053019825,
    1.5527758136344125,
    1.8234913483086521,
    2.0281056607922596,
    1.9366136574074073,
    2.352654540401381,
    2.327070237286216,
    2.8898533950617282,
    3.354885662177329,
    2.983243630059668,
    3.907834003202689,
    4.281787575095999,
    5.291323385437408,
    5.997441981954044,
    6.666181725061298,
    6.4101615473284514,
    6.224329725523486,
    5.787529759359051
  ],
  "q_taken_mean_T": [
    1601650,
    1611669,
    1621678,
    1631692,
    1641713,
    1651733,
    1661734,
    1671737,
    1681760,
    1691785,
    1701804,
    1711835,
    1721837,
    1731846,
    1741872,
    1751895,
    1761898,
    1771922,
    1781928,
    1791944,
    1801944,
    1811957,
    1821977,
    1831984,
    1842018,
    1852036,
    1862045,
    1872061,
    1882077,
    1892078,
    1902091,
    1912098,
    1922124
  ],