{
  "action_encoder_grad_norm": [
    3.205566167831421,
    1.6780025959014893,
    1.7117997407913208,
    1.831669807434082
  ],
  "action_encoder_grad_norm_T": [
    1255,
    11273,
    21306,
    31311
  ],
  "battle_won_mean": [
    0.0,
    0.0,
    0.0,
    0.0
  ],
  "battle_won_mean_T": [
    35,
    10047,
    20072,
    30082
  ],
  "ep_length_mean": [
    35.0,
    38.06844106463878,
    37.546816479400746,
    35.878136200716845
  ],
  "ep_length_mean_T": [
    35,
    10047,
    20072,
    30082
  ],
  "episode": [
    263,
    530,
    809
  ],
  "episode_T": [
    10013,
    20033,
    30051
  ],
  "epsilon": [
    1.0,
    0.8097530000000001,
    0.6193730000000001,
    0.42903100000000005
  ],
  "epsilon_T": [
    35,
    10047,
    20072,
    30082
  ],
  "grad_norm": [
    9.549544334411621,
    0.7025425434112549,
    0.5266506671905518,
    0.5359368324279785
  ],
  "grad_norm_T": [
    1255,
    11273,
    21306,
    31311
  ],
  "loss": [
    0.03033512830734253,
    0.008554426953196526,
    0.006726935505867004,
    0.00689535029232502
  ],
  "loss_T": [
    1255,
    11273,
    21306,
    31311
  ],
  "pred_obs_loss": [
    3.168257713317871,
    1.42532479763031,
    1.1061800718307495,
    1.12265145778656
  ],
  "pred_obs_loss_T": [
    1255,
    11273,
    21306,
    31311
  ],
  "pred_r_loss": [
    0.01786988601088524,
    0.0015615856973454356,
    0.001103378483094275,
    0.0014357875334098935
  ],
  "pred_r_loss_T": [
    1255,
    11273,
    21306,
    31311
  ],
  "q_taken_mean": [
    0.061454737689865535,
    0.06529348246673759,
    0.06556642601847167,
    0.0768135280784117
  ],
  "q_taken_mean_T": [
    1255,
    11273,
    21306,
    31311
  ],
  "return_mean": [
    2.406322938278008,
    1.6825576690023347,
    1.5049568131332849,
    1.2735298565332245
  ],
  "return_mean_T": [
    35,
    10047,
    20072,
    30082
  ],
  "return_std": [
    0.0,
    0.4057788708185552,
    0.43209991282357046,
    0.37919532695974684
  ],
  "return_std_T": [
    35,
    10047,
    20072,
    30082
  ],
  "role_loss": [
    0.23063945770263672,
    0.02624437026679516,
    0.019808467477560043,
    0.01695619709789753
  ],
  "role_loss_T": [
    1255,
    11273,
    21306,
    31311
  ],
  "role_q_taken_mean": [
    -0.09721841558304123,
    -0.01050380380237149,
    0.01631695696415792,
    0.04819967870218345
  ],
  "role_q_taken_mean_T": [
    1255,
    11273,
    21306,
    31311
  ],
  "target_mean": [
    0.06349801477683018,
    0.06745896875320447,
    0.060891464171621966,
    0.07124859807489314
  ],
  "target_mean_T": [
    1255,
    11273,
    21306,
    31311
  ],
  "td_error_abs": [
    0.1308852602286168,
    0.0647240342225473,
    0.0629653498228745,
    0.06860734623009408
  ],
  "td_error_abs_T": [
    1255,
    11273,
    21306,
    31311
  ],
  "test_battle_won_mean": [
    0.0,
    0.0,
    0.0,
    0.0
  ],
  "test_battle_won_mean_T": [
    35,
    10047,
    20072,
    30082
  ],
  "test_ep_length_mean": [
    31.1875,
    31.46875,
    31.1875,
    31.125
  ],
  "test_ep_length_mean_T": [
    35,
    10047,
    20072,
    30082
  ],
  "test_return_mean": [
    0.0,
    0.0,
    0.0,
    0.0
  ],
  "test_return_mean_T": [
    35,
    10047,
    20072,
    30082
  ],
  "test_return_std": [
    0.0,
    0.0,
    0.0,
    0.0
  ],
  "test_return_std_T": [
    35,
    10047,
    20072,
    30082
  ]
}