{
  "action_encoder_grad_norm": [
    2.1347720623016357
  ],
  "action_encoder_grad_norm_T": [
    1401548
  ],
  "battle_won_mean": [
    0.0,
    0.0,
    0.0,
    0.0,
    0.0,
    0.0,
    0.0,
    0.0,
    0.0,
    0.0,
    0.0,
    0.0,
    0.0,
    0.0,
    0.0,
    0.0,
    0.0,
    0.0,
    0.0,
    0.0,
    0.0,
    0.0,
    0.0,
    0.0,
    0.0,
    0.0,
    0.0,
    0.0,
    0.0
  ],
  "battle_won_mean_T": [
    1400378,
    1410408,
    1420429,
    1430447,
    1440463,
    1450466,
    1460496,
    1470496,
    1480510,
    1490543,
    1500564,
    1510588,
    1520607,
    1530630,
    1540636,
    1550651,
    1560665,
    1570676,
    1580702,
    1590716,
    1600745,
    1610754,
    1620773,
    1630784,
    1640810,
    1650837,
    1660857,
    1670858,
    1680884
  ],
  "ep_length_mean": [
    33.0,
    37.148148148148145,
    36.97785977859779,
    36.42909090909091,
    36.02877697841727,
    35.098245614035086,
    35.56737588652482,
    35.842293906810035,
    36.68131868131868,
    36.61678832116788,
    36.841911764705884,
    36.45090909090909,
    37.66541353383459,
    35.79642857142857,
    35.35689045936396,
    35.14035087719298,
    33.83108108108108,
    34.52068965517241,
    35.935483870967744,
    34.65051903114187,
    37.561797752808985,
    37.48689138576779,
    39.29019607843137,
    41.53941908713693,
    40.75609756097561,
    42.13025210084034,
    47.714285714285715,
    52.088541666666664,
    49.88059701492537
  ],
  "ep_length_mean_T": [
    1400378,
    1410408,
    1420429,
    1430447,
    1440463,
    1450466,
    1460496,
    1470496,
    1480510,
    1490543,
    1500564,
    1510588,
    1520607,
    1530630,
    1540636,
    1550651,
    1560665,
    1570676,
    1580702,
    1590716,
    1600745,
    1610754,
    1620773,
    1630784,
    1640810,
    1650837,
    1660857,
    1670858,
    1680884
  ],
  "episode": [
    1,
    271,
    542,
    817,
    1095,
    1380,
    1662,
    1941,
    2214,
    2488,
    2760,
    3035,
    3301,
    3581,
    3864,
    4149,
    4445,
    4735,
    5014,
    5303,
    5570,
    5837,
    6092,
    6333,
    6579,
    6817,
    7027,
    7219
  ],
  "episode_T": [
    1400378,
    1410408,
    1420429,
    1430447,
    1440463,
    1450466,
    1460496,
    1470496,
    1480510,
    1490543,
    1500564,
    1510588,
    1520607,
    1530630,
    1540636,
    1550651,
    1560665,
    1570676,
    1580702,
    1590716,
    1600745,
    1610754,
    1620773,
    1630784,
    1640810,
    1650837,
    1660857,
    1670858
  ],
  "epsilon": [
    1.0,
    0.980943,
    0.9619031,
    0.9428727,
    0.9238404,
    0.9048347,
    0.8857815,
    0.8667701,
    0.847753,
    0.8286922,
    0.8096485,
    0.7906105,
    0.7715611,
    0.7525307,
    0.7335117,
    0.7144851000000001,
    0.6954547,
    0.6764357000000001,
    0.6573768,
    0.6383616000000001,
    0.6193065,
    0.6002856000000001,
    0.5812704,
    0.5622704000000001,
    0.5431944,
    0.5241355000000001,
    0.5051127,
    0.48609560000000007,
    0.46705950000000007
  ],
  "epsilon_T": [
    1400378,
    1410408,
    1420429,
    1430447,
    1440463,
    1450466,
    1460496,
    1470496,
    1480510,
    1490543,
    1500564,
    1510588,
    1520607,
    1530630,
    1540636,
    1550651,
    1560665,
    1570676,
    1580702,
    1590716,
    1600745,
    1610754,
    1620773,
    1630784,
    1640810,
    1650837,
    1660857,
    1670858,
    1680884
  ],
  "grad_norm": [
    486.7345275878906,
    10.200528144836426,
    13.258295059204102,
    14.558782577514648,
    14.90198802947998,
    15.00229549407959,
    22.44730567932129,
    26.97768211364746,
    43.11915588378906,
    37.86489486694336,
    29.290733337402344,
    18.21339988708496,
    26.59528160095215,
    46.073768615722656,
    60.487064361572266,
    38.32197952270508,
    77.09986114501953,
    57.975608825683594,
    73.44536590576172,
    71.07830810546875,
    54.987979888916016,
    109.40167236328125,
    85.03241729736328,
    92.87488555908203,
    80.56483459472656,
    106.91344451904297,
    70.98587799072266,
    115.10726928710938
  ],
  "grad_norm_T": [
    1401548,
    1411579,
    1421609,
    1431621,
    1441633,
    1451647,
    1461661,
    1471692,
    1481737,
    1491770,
    1501790,
    1511840,
    1521860,
    1531888,
    1541892,
    1551901,
    1561920,
    1571938,
    1581954,
    1591966,
    1601999,
    1612028,
    1622040,
    1632052,
    1642075,
    1652098,
    1662176,
    1672192
  ],
  "loss": [
    105.70733642578125,
    0.24144871532917023,
    0.2971138060092926,
    0.3825264275074005,
    0.38624289631843567,
    0.4505723714828491,
    0.773960292339325,
    1.1098628044128418,
    1.328424334526062,
    1.4284883737564087,
    1.413683533668518,
    1.2247209548950195,
    1.5303573608398438,
    2.508857011795044,
    3.1824803352355957,
    2.565810203552246,
    4.059438228607178,
    4.099830627441406,
    7.761091709136963,
    7.44631290435791,
    4.193295955657959,
    7.235219478607178,
    5.691349983215332,
    7.783926486968994,
    5.823133945465088,
    6.641454219818115,
    5.49016809463501,
    6.4112372398376465
  ],
  "loss_T": [
    1401548,
    1411579,
    1421609,
    1431621,
    1441633,
    1451647,
    1461661,
    1471692,
    1481737,
    1491770,
    1501790,
    1511840,
    1521860,
    1531888,
    1541892,
    1551901,
    1561920,
    1571938,
    1581954,
    1591966,
    1601999,
    1612028,
    1622040,
    1632052,
    1642075,
    1652098,
    1662176,
    1672192
  ],
  "pred_obs_loss": [
    0.9086553454399109
  ],
  "pred_obs_loss_T": [
    1401548
  ],
  "pred_r_loss": [
    0.000552470562979579
  ],
  "pred_r_loss_T": [
    1401548
  ],
  "q_taken_mean": [
    0.2066731680636372,
    0.19179243474292382,
    0.22516290940370695,
    0.21791223748869873,
    0.228068220087967,
    0.232533144406618,
    0.2401005627789435,
    0.2675767103909465,
    0.2704850301267819,
    0.2626393432028796,
    0.2683620099072513,
    0.2557615095580702,
    0.26786547563888136,
    0.3051544582245699,
    0.3377337898772279,
    0.30571096150394084,
    0.3257769932154245,
    0.3153410192737932,
    0.3741972227695774,
    0.4474605374441758,
    0.35243469243667813,
    0.4388518604464613,
    0.4407373270391178,
    0.41857627630061967,
    0.455516085535182,
    0.3690969159806856,
    0.35620108662441513,
    0.33761042386102025
  ],
  "q_taken_mean_T": [
    1401548,
    1411579,
    1421609,
    1431621,
    1441633,
    1451647,
    1461661,
    1471692,
    1481737,
    1491770,
    1501790,
    1511840,
    1521860,
    1531888,
    1541892,
    1551901,
    1561920,
    1571938,
    1581954,
    1591966,
    1601999,
    1612028,
    1622040,
    1632052,
    1642075,
    1652098,
    1662176,
    1672192
  ],
  "return_mean": [
    1.7513513513513514,
    1.9566766766766768,
    1.996449586117483,
    1.9788108108108111,
    2.021154967917558,
    2.0576955903271696,
    2.0930803143569103,
    2.0715683425360845,
    2.0309276309276316,
    2.098757151311896,
    2.084618441971383,
    2.088963144963145,
    2.0295874822190614,
    2.1212355212355214,
    2.125756852258619,
    2.244058795637743,
    2.1877282688093502,
    2.114184529356944,
    2.145577835900417,
    2.1699803609838213,
    2.148517056382225,
    2.1741876708168846,
    2.132400635930048,
    2.192620836604239,
    2.3804438584926393,
    2.262321144674086,
    2.0147232947232956,
    2.0920045045045046,
    2.128277531262606
  ],
  "return_mean_T": [
    1400378,
    1410408,
    1420429,
    1430447,
    1440463,
    1450466,
    1460496,
    1470496,
    1480510,
    1490543,
    1500564,
    1510588,
    1520607,
    1530630,
    1540636,
    1550651,
    1560665,
    1570676,
    1580702,
    1590716,
    1600745,
    1610754,
    1620773,
    1630784,
    1640810,
    1650837,
    1660857,
    1670858,
    1680884
  ],