{
  "action_encoder_grad_norm": [
    1.9929983615875244,
    1.996322512626648,
    1.7264666557312012,
    1.248568058013916
  ],
  "action_encoder_grad_norm_T": [
    1463,
    11465,
    21492,
    31514
  ],
  "battle_won_mean": [
    0.0,
    0.0,
    0.0,
    0.0
  ],
  "battle_won_mean_T": [
    45,
    10059,
    20074,
    30115
  ],
  "ep_length_mean": [
    45.0,
    45.31221719457014,
    45.31674208144796,
    45.64090909090909
  ],
  "ep_length_mean_T": [
    45,
    10059,
    20074,
    30115
  ],
  "episode": [
    221,
    442,
    662
  ],
  "episode_T": [
    10017,
    20029,
    30071
  ],
  "epsilon": [
    0.0,
    0.0,
    0.0,
    0.0
  ],
  "epsilon_T": [
    45,
    10059,
    20074,
    30115
  ],
  "grad_norm": [
    4.516843318939209,
    1.8305782079696655,
    0.9049991369247437,
    0.9539525508880615
  ],
  "grad_norm_T": [
    1463,
    11465,
    21492,
    31514
  ],
  "ices_alpha": [
    0.1,
    0.1,
    0.1,
    0.1
  ],
  "ices_alpha_T": [
    1463,
    11465,
    21492,
    31514
  ],
  "ices_entropy": [
    1.454008936882019,
    1.4815897941589355,
    1.5020760297775269,
    1.472954273223877
  ],
  "ices_entropy_T": [
    1463,
    11465,
    21492,
    31514
  ],
  "ices_explorer_loss": [
    0.9249471426010132,
    -0.14144477248191833,
    -0.14348410069942474,
    -0.15322145819664001
  ],
  "ices_explorer_loss_T": [
    1463,
    11465,
    21492,
    31514
  ],
  "ices_fraction_explore_actions": [
    0.09928229451179504,
    0.09968684613704681,
    0.10436726361513138,
    0.10321969538927078
  ],
  "ices_fraction_explore_actions_T": [
    1463,
    11465,
    21492,
    31514
  ],
  "ices_intrinsic_mean": [
    0.5801649689674377,
    0.004054838791489601,
    0.001985265174880624,
    0.0012610179837793112
  ],
  "ices_intrinsic_mean_T": [
    1463,
    11465,
    21492,
    31514
  ],
  "ices_intrinsic_std": [
    0.05716775357723236,
    0.002508217468857765,
    0.0013492583530023694,
    0.0008762762881815434
  ],
  "ices_intrinsic_std_T": [
    1463,
    11465,
    21492,
    31514
  ],
  "ices_kl_mean": [
    0.2849350869655609,
    0.002298914361745119,
    0.0011176546104252338,
    0.0006935583078302443
  ],
  "ices_kl_mean_T": [
    1463,
    11465,
    21492,
    31514
  ],
  "ices_scaffold_loss": [
    1.098150372505188,
    0.1537054479122162,
    0.11285838484764099,
    0.10018759965896606
  ],
  "ices_scaffold_loss_T": [
    1463,
    11465,
    21492,
    31514
  ],
  "ices_value_loss": [
    0.2902272641658783,
    2.602813037810847e-05,
    2.268615207867697e-05,
    1.6212936316151172e-05
  ],
  "ices_value_loss_T": [
    1463,
    11465,
    21492,
    31514
  ],
  "loss": [
    0.059573568403720856,
    0.022660881280899048,
    0.011966953054070473,
    0.011266798712313175
  ],
  "loss_T": [
    1463,
    11465,
    21492,
    31514
  ],
  "pred_obs_loss": [
    4.8813910484313965,
    1.5815372467041016,
    1.4450445175170898,
    1.2942785024642944
  ],
  "pred_obs_loss_T": [
    1463,
    11465,
    21492,
    31514
  ],
  "pred_r_loss": [
    0.007691701874136925,
    0.0027974783442914486,
    0.002496683271601796,
    0.00223115598782897
  ],
  "pred_r_loss_T": [
    1463,
    11465,
    21492,
    31514
  ],
  "q_taken_mean": [
    0.20736592123953348,
    0.20615343957952767,
    0.1722834087303613,
    0.17307480110609827
  ],
  "q_taken_mean_T": [
    1463,
    11465,
    21492,
    31514
  ],
  "return_mean": [
    0.7251655629139072,
    0.8827200263702016,
    0.8475697461868087,
    0.8650436484045754
  ],
  "return_mean_T": [
    45,
    10059,
    20074,
    30115
  ],
  "return_std": [
    0.0,
    0.36280576795591635,
    0.37395019085189396,
    0.3812307884202065
  ],
  "return_std_T": [
    45,
    10059,
    20074,
    30115
  ],
  "role_loss": [
    0.046298522502183914,
    0.012423192150890827,
    0.013240045867860317,
    0.021285807713866234
  ],
  "role_loss_T": [
    1463,
    11465,
    21492,
    31514
  ],
  "role_q_taken_mean": [
    -0.025441312008216733,
    0.006487411940657852,
    0.016971283837368612,
    0.02396902185402169
  ],
  "role_q_taken_mean_T": [
    1463,
    11465,
    21492,
    31514
  ],
  "target_mean": [
    0.20498901283749146,
    0.19251936645083073,
    0.18046647482429934,
    0.1815987158741176
  ],
  "target_mean_T": [
    1463,
    11465,
    21492,
    31514
  ],
  "td_error_abs": [
    0.1747465309669771,
    0.12606908151816393,
    0.0825615821219212,
    0.08018708557465189
  ],
  "td_error_abs_T": [
    1463,
    11465,
    21492,
    31514
  ],
  "test_battle_won_mean": [
    0.0,
    0.0,
    0.0,
    0.0
  ],
  "test_battle_won_mean_T": [
    45,
    10059,
    20074,
    30115
  ],
  "test_ep_length_mean": [
    44.875,
    44.0625,
    44.4375,
    44.75
  ],
  "test_ep_length_mean_T": [
    45,
    10059,
    20074,
    30115
  ],
  "test_return_mean": [
    0.0,
    0.0,
    0.0,
    0.0
  ],
  "test_return_mean_T": [
    45,
    10059,
    20074,
    30115
  ],
  "test_return_std": [
    0.0,
    0.0,
    0.0,
    0.0
  ],
  "test_return_std_T": [
    45,
    10059,
    20074,
    30115
  ]
}