{
  "action_encoder_grad_norm": [
    8.165816307067871,
    1.7389618158340454,
    1.2198039293289185,
    1.4888917207717896
  ],
  "action_encoder_grad_norm_T": [
    748,
    10761,
    20767,
    30775
  ],
  "battle_won_mean": [
    0.0,
    0.0,
    0.0,
    0.0
  ],
  "battle_won_mean_T": [
    21,
    10021,
    20036,
    30048
  ],
  "ep_length_mean": [
    21.0,
    23.14814814814815,
    22.761363636363637,
    22.348214285714285
  ],
  "ep_length_mean_T": [
    21,
    10021,
    20036,
    30048
  ],
  "episode": [
    433,
    873,
    1321
  ],
  "episode_T": [
    10021,
    20036,
    30048
  ],
  "epsilon": [
    1.0,
    0.810057,
    0.619734,
    0.42950600000000005
  ],
  "epsilon_T": [
    21,
    10021,
    20036,
    30048
  ],
  "grad_norm": [
    31.67228126525879,
    2.260734796524048,
    0.8265955448150635,
    1.1432170867919922
  ],
  "grad_norm_T": [
    748,
    10761,
    20767,
    30775
  ],
  "loss": [
    0.19159579277038574,
    0.02206968516111374,
    0.02078896015882492,
    0.018689781427383423
  ],
  "loss_T": [
    748,
    10761,
    20767,
    30775
  ],
  "pred_obs_loss": [
    3.567465305328369,
    1.1155022382736206,
    1.0154212713241577,
    0.880239725112915
  ],
  "pred_obs_loss_T": [
    748,
    10761,
    20767,
    30775
  ],
  "pred_r_loss": [
    0.13053391873836517,
    0.015759725123643875,
    0.014756117016077042,
    0.01258311327546835
  ],
  "pred_r_loss_T": [
    748,
    10761,
    20767,
    30775
  ],
  "q_taken_mean": [
    -0.20663331111697164,
    -0.08542597326693785,
    0.0006517363783994229,
    0.07540523962223486
  ],
  "q_taken_mean_T": [
    748,
    10761,
    20767,
    30775
  ],
  "return_mean": [
    5.135135135135135,
    5.001591435185185,
    4.195243396805897,
    3.2695953486969116
  ],
  "return_mean_T": [
    21,
    10021,
    20036,
    30048
  ],
  "return_std": [
    0.0,
    0.5750069061079874,
    0.6063704789208871,
    0.5661258582346327
  ],
  "return_std_T": [
    21,
    10021,
    20036,
    30048
  ],
  "role_loss": [
    1.7144099473953247,
    0.06255277246236801,
    0.07427868992090225,
    0.10519911348819733
  ],
  "role_loss_T": [
    748,
    10761,
    20767,
    30775
  ],
  "role_q_taken_mean": [
    -0.0024803950011364523,
    0.3520032665397547,
    0.32391982215912746,
    0.3716366280986287
  ],
  "role_q_taken_mean_T": [
    748,
    10761,
    20767,
    30775
  ],
  "target_mean": [
    -0.1588130549738539,
    -0.08388683224512526,
    -0.003547642939215074,
    0.08247594868307148
  ],
  "target_mean_T": [
    748,
    10761,
    20767,
    30775
  ],
  "td_error_abs": [
    0.34531892174705464,
    0.11613338249774019,
    0.116730784721115,
    0.10702000083504143
  ],
  "td_error_abs_T": [
    748,
    10761,
    20767,
    30775
  ],
  "test_battle_won_mean": [
    0.0,
    0.0,
    0.0,
    0.0
  ],
  "test_battle_won_mean_T": [
    21,
    10021,
    20036,
    30048
  ],
  "test_ep_length_mean": [
    20.84375,
    21.0,
    20.625,
    20.5625
  ],
  "test_ep_length_mean_T": [
    21,
    10021,
    20036,
    30048
  ],
  "test_return_mean": [
    0.0,
    0.0,
    0.0,
    0.0
  ],
  "test_return_mean_T": [
    21,
    10021,
    20036,
    30048
  ],
  "test_return_std": [
    0.0,
    0.0,
    0.0,
    0.0
  ],
  "test_return_std_T": [
    21,
    10021,
    20036,
    30048
  ]
}