{
  "action_encoder_grad_norm": [
    3.2571661472320557,
    1.8156654834747314,
    1.4930686950683594,
    2.067821502685547,
    1.8424850702285767
  ],
  "action_encoder_grad_norm_T": [
    1217,
    11240,
    21282,
    31308,
    41325
  ],
  "battle_won_mean": [
    0.0,
    0.0,
    0.0,
    0.0,
    0.0
  ],
  "battle_won_mean_T": [
    37,
    10068,
    20089,
    30091,
    40097
  ],
  "ep_length_mean": [
    37.0,
    38.286259541984734,
    37.53183520599251,
    35.97841726618705,
    34.86411149825784
  ],
  "ep_length_mean_T": [
    37,
    10068,
    20089,
    30091,
    40097
  ],
  "episode": [
    261,
    528,
    806,
    1093
  ],
  "episode_T": [
    10005,
    20024,
    30025,
    40027
  ],
  "epsilon": [
    1.0,
    0.809373,
    0.618917,
    0.4288790000000001,
    0.23876500000000012
  ],
  "epsilon_T": [
    37,
    10068,
    20089,
    30091,
    40097
  ],
  "grad_norm": [
    9.367380142211914,
    0.7464653849601746,
    0.4247761070728302,
    1.0137755870819092,
    0.5666335821151733
  ],
  "grad_norm_T": [
    1217,
    11240,
    21282,
    31308,
    41325
  ],
  "loss": [
    0.03109404444694519,
    0.01314740814268589,
    0.005859214812517166,
    0.007023558020591736,
    0.0064385198056697845
  ],
  "loss_T": [
    1217,
    11240,
    21282,
    31308,
    41325
  ],
  "pred_obs_loss": [
    3.521693468093872,
    0.9787910580635071,
    1.3299386501312256,
    1.3327836990356445,
    0.7834727764129639
  ],
  "pred_obs_loss_T": [
    1217,
    11240,
    21282,
    31308,
    41325
  ],
  "pred_r_loss": [
    0.018675129860639572,
    0.001143052475526929,
    0.0013389891246333718,
    0.0012162573402747512,
    0.0006718169897794724
  ],
  "pred_r_loss_T": [
    1217,
    11240,
    21282,
    31308,
    41325
  ],
  "q_taken_mean": [
    0.0641942346301741,
    0.06677870373465515,
    0.0696742351601112,
    0.07460146462864813,
    0.06306012461034109
  ],
  "q_taken_mean_T": [
    1217,
    11240,
    21282,
    31308,
    41325
  ],
  "return_mean": [
    1.46492479253112,
    1.6693602378864303,
    1.4916556697719008,
    1.2732040071392055,
    0.9576697776079997
  ],
  "return_mean_T": [
    37,
    10068,
    20089,
    30091,
    40097
  ],
  "return_std": [
    0.0,
    0.39224484380410574,
    0.3591213189333493,
    0.4040580905313802,
    0.38203684747853367
  ],
  "return_std_T": [
    37,
    10068,
    20089,
    30091,
    40097
  ],
  "role_loss": [
    0.21994107961654663,
    0.024813255295157433,
    0.02193887159228325,
    0.028488196432590485,
    0.015644818544387817
  ],
  "role_loss_T": [
    1217,
    11240,
    21282,
    31308,
    41325
  ],
  "role_q_taken_mean": [
    -0.09837679862976074,
    -0.015594146966006505,
    0.004144310487383535,
    0.060109196746698484,
    0.0625485049977022
  ],
  "role_q_taken_mean_T": [
    1217,
    11240,
    21282,
    31308,
    41325
  ],
  "target_mean": [
    0.06614252997894413,
    0.07279803859769764,
    0.07008700174397653,
    0.06914104444865088,
    0.06864828815758965
  ],
  "target_mean_T": [
    1217,
    11240,
    21282,
    31308,
    41325
  ],
  "td_error_abs": [
    0.13289498773479227,
    0.0865919490898151,
    0.0525421381389486,
    0.06972919749793502,
    0.06263909021489206
  ],
  "td_error_abs_T": [
    1217,
    11240,
    21282,
    31308,
    41325
  ],
  "test_battle_won_mean": [
    0.0,
    0.0,
    0.0,
    0.0,
    0.0
  ],
  "test_battle_won_mean_T": [
    37,
    10068,
    20089,
    30091,
    40097
  ],
  "test_ep_length_mean": [
    31.15625,
    31.03125,
    31.21875,
    31.5625,
    31.5
  ],
  "test_ep_length_mean_T": [
    37,
    10068,
    20089,
    30091,
    40097
  ],
  "test_return_mean": [
    0.0,
    0.0,
    0.0,
    0.0,
    0.0
  ],
  "test_return_mean_T": [
    37,
    10068,
    20089,
    30091,
    40097
  ],
  "test_return_std": [
    0.0,
    0.0,
    0.0,
    0.0,
    0.0
  ],
  "test_return_std_T": [
    37,
    10068,
    20089,
    30091,
    40097
  ]
}