{
  "action_encoder_grad_norm": [
    1.0893341302871704,
    1.5999009609222412,
    1.6561956405639648,
    2.0232231616973877
  ],
  "action_encoder_grad_norm_T": [
    1160,
    11178,
    21182,
    31209
  ],
  "battle_won_mean": [
    0.0,
    0.0,
    0.0,
    0.0
  ],
  "battle_won_mean_T": [
    32,
    10051,
    20079,
    30102
  ],
  "ep_length_mean": [
    32.0,
    38.38697318007663,
    37.558052434456926,
    36.31521739130435
  ],
  "ep_length_mean_T": [
    32,
    10051,
    20079,
    30102
  ],
  "episode": [
    261,
    529,
    805
  ],
  "episode_T": [
    10020,
    20079,
    30102
  ],
  "epsilon": [
    1.0,
    0.80962,
    0.619772,
    0.4286890000000001
  ],
  "epsilon_T": [
    32,
    10051,
    20079,
    30102
  ],
  "grad_norm": [
    8.204813957214355,
    1.3404724597930908,
    0.9677215814590454,
    0.977156937122345
  ],
  "grad_norm_T": [
    1160,
    11178,
    21182,
    31209
  ],
  "loss": [
    0.19068363308906555,
    0.03660234436392784,
    0.019923152402043343,
    0.01480572298169136
  ],
  "loss_T": [
    1160,
    11178,
    21182,
    31209
  ],
  "pred_obs_loss": [
    4.209201812744141,
    1.2359145879745483,
    1.2638188600540161,
    0.813601553440094
  ],
  "pred_obs_loss_T": [
    1160,
    11178,
    21182,
    31209
  ],
  "pred_r_loss": [
    0.0031590056605637074,
    0.0013395346468314528,
    0.0012078066356480122,
    0.000759848568122834
  ],
  "pred_r_loss_T": [
    1160,
    11178,
    21182,
    31209
  ],
  "q_taken_mean": [
    0.19868612355199353,
    0.17092178586929563,
    0.19053775958836938,
    0.1732881005130597
  ],
  "q_taken_mean_T": [
    1160,
    11178,
    21182,
    31209
  ],
  "return_mean": [
    1.1620850622406638,
    1.6986744919595873,
    1.4706745476430525,
    1.283976831584694
  ],
  "return_mean_T": [
    32,
    10051,
    20079,
    30102
  ],
  "return_std": [
    0.0,
    0.38096461073310434,
    0.3915902628855795,
    0.4080363866107707
  ],
  "return_std_T": [
    32,
    10051,
    20079,
    30102
  ],
  "role_loss": [
    0.1764937937259674,
    0.012420588172972202,
    0.01384144090116024,
    0.016253314912319183
  ],
  "role_loss_T": [
    1160,
    11178,
    21182,
    31209
  ],
  "role_q_taken_mean": [
    -0.0653677056760204,
    0.004811718059035967,
    0.03033660037584039,
    0.055213843451605904
  ],
  "role_q_taken_mean_T": [
    1160,
    11178,
    21182,
    31209
  ],
  "target_mean": [
    0.19496203192349137,
    0.18012433733258928,
    0.18392896191157762,
    0.1666760896381579
  ],
  "target_mean_T": [
    1160,
    11178,
    21182,
    31209
  ],
  "td_error_abs": [
    0.3001934709220097,
    0.14060574486142113,
    0.09741653558862118,
    0.09599073459478409
  ],
  "td_error_abs_T": [
    1160,
    11178,
    21182,
    31209
  ],
  "test_battle_won_mean": [
    0.0,
    0.0,
    0.0,
    0.0
  ],
  "test_battle_won_mean_T": [
    32,
    10051,
    20079,
    30102
  ],
  "test_ep_length_mean": [
    31.3125,
    31.4375,
    31.0625,
    31.3125
  ],
  "test_ep_length_mean_T": [
    32,
    10051,
    20079,
    30102
  ],
  "test_return_mean": [
    0.0,
    0.0,
    0.0,
    0.0
  ],
  "test_return_mean_T": [
    32,
    10051,
    20079,
    30102
  ],
  "test_return_std": [
    0.0,
    0.0,
    0.0,
    0.0
  ],
  "test_return_std_T": [
    32,
    10051,
    20079,
    30102
  ]
}