{
  "action_encoder_grad_norm": [
    8.212566375732422,
    1.167980432510376,
    1.2993137836456299,
    1.5894166231155396,
    1.3824183940887451
  ],
  "action_encoder_grad_norm_T": [
    752,
    10771,
    20781,
    30808,
    40820
  ],
  "battle_won_mean": [
    0.0,
    0.0,
    0.0,
    0.0,
    0.0
  ],
  "battle_won_mean_T": [
    26,
    10028,
    20049,
    30065,
    40066
  ],
  "ep_length_mean": [
    26.0,
    23.099307159353348,
    22.826879271070617,
    22.40715883668904,
    21.88402625820569
  ],
  "ep_length_mean_T": [
    26,
    10028,
    20049,
    30065,
    40066
  ],
  "episode": [
    433,
    872,
    1319,
    1776
  ],
  "episode_T": [
    10006,
    20026,
    30043,
    40044
  ],
  "epsilon": [
    1.0,
    0.809886,
    0.6195060000000001,
    0.4291830000000001,
    0.23916400000000004
  ],
  "epsilon_T": [
    26,
    10028,
    20049,
    30065,
    40066
  ],
  "grad_norm": [
    29.152973175048828,
    2.300858974456787,
    0.40527474880218506,
    1.9243075847625732,
    1.8269327878952026
  ],
  "grad_norm_T": [
    752,
    10771,
    20781,
    30808,
    40820
  ],
  "loss": [
    0.18363022804260254,
    0.01745475083589554,
    0.020381271839141846,
    0.018013618886470795,
    0.027036994695663452
  ],
  "loss_T": [
    752,
    10771,
    20781,
    30808,
    40820
  ],
  "pred_obs_loss": [
    3.645785093307495,
    1.0704761743545532,
    0.9376009106636047,
    0.9251046180725098,
    0.750244140625
  ],
  "pred_obs_loss_T": [
    752,
    10771,
    20781,
    30808,
    40820
  ],
  "pred_r_loss": [
    0.12800341844558716,
    0.01771913282573223,
    0.01502821035683155,
    0.013395421206951141,
    0.010567794553935528
  ],
  "pred_r_loss_T": [
    752,
    10771,
    20781,
    30808,
    40820
  ],
  "q_taken_mean": [
    -0.21058800879945147,
    -0.0500792972625248,
    0.025293193247126436,
    0.06071665697482043,
    0.14176242163963024
  ],
  "q_taken_mean_T": [
    752,
    10771,
    20781,
    30808,
    40820
  ],
  "return_mean": [
    5.27027027027027,
    5.026492572248923,
    4.185418334051592,
    3.2806774895701074,
    2.2293379265479927
  ],
  "return_mean_T": [
    26,
    10028,
    20049,
    30065,
    40066
  ],
  "return_std": [
    0.0,
    0.562570372058564,
    0.5683656809340941,
    0.6384160752482337,
    0.5840186985005185
  ],
  "return_std_T": [
    26,
    10028,
    20049,
    30065,
    40066
  ],
  "role_loss": [
    1.5493524074554443,
    0.06466196477413177,
    0.04616668075323105,
    0.10287487506866455,
    0.19336745142936707
  ],
  "role_loss_T": [
    752,
    10771,
    20781,
    30808,
    40820
  ],
  "role_q_taken_mean": [
    0.00042294558272304303,
    0.3836272814259026,
    0.3424579628259252,
    0.31500874462790773,
    0.2741406838598991
  ],
  "role_q_taken_mean_T": [
    752,
    10771,
    20781,
    30808,
    40820
  ],
  "target_mean": [
    -0.16393485644184952,
    -0.047675245635363524,
    0.02019549490391523,
    0.06800262395278875,
    0.15002444181836916
  ],
  "target_mean_T": [
    752,
    10771,
    20781,
    30808,
    40820
  ],
  "td_error_abs": [
    0.3376491221975773,
    0.10403444458838222,
    0.11287921773976294,
    0.10369663448124142,
    0.12408028845897638
  ],
  "td_error_abs_T": [
    752,
    10771,
    20781,
    30808,
    40820
  ],
  "test_battle_won_mean": [
    0.0,
    0.0,
    0.0,
    0.0,
    0.0
  ],
  "test_battle_won_mean_T": [
    26,
    10028,
    20049,
    30065,
    40066
  ],
  "test_ep_length_mean": [
    20.59375,
    20.34375,
    20.5,
    20.625,
    20.78125
  ],
  "test_ep_length_mean_T": [
    26,
    10028,
    20049,
    30065,
    40066
  ],
  "test_return_mean": [
    0.0,
    0.0,
    0.0,
    0.0,
    0.0
  ],
  "test_return_mean_T": [
    26,
    10028,
    20049,
    30065,
    40066
  ],
  "test_return_std": [
    0.0,
    0.0,
    0.0,
    0.0,
    0.0
  ],
  "test_return_std_T": [
    26,
    10028,
    20049,
    30065,
    40066
  ]
}