{
  "action_encoder_grad_norm": [
    1.3714410066604614
  ],
  "action_encoder_grad_norm_T": [
    601994
  ],
  "battle_won_mean": [
    0.0
  ],
  "battle_won_mean_T": [
    600394
  ],
  "ep_length_mean": [
    43.0
  ],
  "ep_length_mean_T": [
    600394
  ],
  "episode": [
    1
  ],
  "episode_T": [
    600394
  ],
  "epsilon": [
    1.0
  ],
  "epsilon_T": [
    600394
  ],
  "grad_norm": [
    65.2145767211914
  ],
  "grad_norm_T": [
    601994
  ],
  "loss": [
    8.085108757019043
  ],
  "loss_T": [
    601994
  ],
  "pred_obs_loss": [
    0.34651830792427063
  ],
  "pred_obs_loss_T": [
    601994
  ],
  "pred_r_loss": [
    0.004235867410898209
  ],
  "pred_r_loss_T": [
    601994
  ],
  "q_taken_mean": [
    0.8841025967171333
  ],
  "q_taken_mean_T": [
    601994
  ],
  "return_mean": [
    2.7449999999999997
  ],
  "return_mean_T": [
    600394
  ],
  "return_std": [
    0.0
  ],
  "return_std_T": [
    600394
  ],
  "role_loss": [
    14.63338565826416
  ],
  "role_loss_T": [
    601994
  ],
  "role_q_taken_mean": [
    1.0406470134663839
  ],
  "role_q_taken_mean_T": [
    601994
  ],
  "target_mean": [
    0.034682921063080116
  ],
  "target_mean_T": [
    601994
  ],
  "td_error_abs": [
    2.5483101248668594
  ],
  "td_error_abs_T": [
    601994
  ],
  "test_battle_won_mean": [
    0.0
  ],
  "test_battle_won_mean_T": [
    600394
  ],
  "test_ep_length_mean": [
    114.53125
  ],
  "test_ep_length_mean_T": [
    600394
  ],
  "test_return_mean": [
    9.616953124999991
  ],
  "test_return_mean_T": [
    600394
  ],
  "test_return_std": [
    1.4273469891691446
  ],
  "test_return_std_T": [
    600394
  ]
}