{
  "action_encoder_grad_norm": [
    1.0893341302871704
  ],
  "action_encoder_grad_norm_T": [
    1160
  ],
  "battle_won_mean": [
    0.0
  ],
  "battle_won_mean_T": [
    32
  ],
  "ep_length_mean": [
    32.0
  ],
  "ep_length_mean_T": [
    32
  ],
  "epsilon": [
    1.0
  ],
  "epsilon_T": [
    32
  ],
  "grad_norm": [
    8.204813957214355
  ],
  "grad_norm_T": [
    1160
  ],
  "loss": [
    0.19068363308906555
  ],
  "loss_T": [
    1160
  ],
  "pred_obs_loss": [
    4.209201812744141
  ],
  "pred_obs_loss_T": [
    1160
  ],
  "pred_r_loss": [
    0.0031590056605637074
  ],
  "pred_r_loss_T": [
    1160
  ],
  "q_taken_mean": [
    0.19868612355199353
  ],
  "q_taken_mean_T": [
    1160
  ],
  "return_mean": [
    1.1620850622406638
  ],
  "return_mean_T": [
    32
  ],
  "return_std": [
    0.0
  ],
  "return_std_T": [
    32
  ],
  "role_loss": [
    0.1764937937259674
  ],
  "role_loss_T": [
    1160
  ],
  "role_q_taken_mean": [
    -0.0653677056760204
  ],
  "role_q_taken_mean_T": [
    1160
  ],
  "target_mean": [
    0.19496203192349137
  ],
  "target_mean_T": [
    1160
  ],
  "td_error_abs": [
    0.3001934709220097
  ],
  "td_error_abs_T": [
    1160
  ],
  "test_battle_won_mean": [
    0.0
  ],
  "test_battle_won_mean_T": [
    32
  ],
  "test_ep_length_mean": [
    31.3125
  ],
  "test_ep_length_mean_T": [
    32
  ],
  "test_return_mean": [
    0.0
  ],
  "test_return_mean_T": [
    32
  ],
  "test_return_std": [
    0.0
  ],
  "test_return_std_T": [
    32
  ]
}