{
  "action_encoder_grad_norm": [
    4.992314338684082,
    2.2202260494232178,
    2.402869701385498
  ],
  "action_encoder_grad_norm_T": [
    1033,
    11047,
    21075
  ],
  "battle_won_mean": [
    0.0,
    0.0,
    0.0
  ],
  "battle_won_mean_T": [
    32,
    10055,
    20067
  ],
  "ep_length_mean": [
    32.0,
    31.920382165605094,
    31.784126984126985
  ],
  "ep_length_mean_T": [
    32,
    10055,
    20067
  ],
  "episode": [
    314,
    629
  ],
  "episode_T": [
    10024,
    20034
  ],
  "epsilon": [
    0.0,
    0.0,
    0.0
  ],
  "epsilon_T": [
    32,
    10055,
    20067
  ],
  "grad_norm": [
    5.456301212310791,
    0.2163267731666565,
    0.2538478672504425
  ],
  "grad_norm_T": [
    1033,
    11047,
    21075
  ],
  "ices_alpha": [
    0.1,
    0.1,
    0.1
  ],
  "ices_alpha_T": [
    1033,
    11047,
    21075
  ],
  "ices_entropy": [
    1.0718748569488525,
    1.0667684078216553,
    1.0761535167694092
  ],
  "ices_entropy_T": [
    1033,
    11047,
    21075
  ],
  "ices_explorer_loss": [
    0.27787157893180847,
    -0.1112699881196022,
    -0.11273042857646942
  ],
  "ices_explorer_loss_T": [
    1033,
    11047,
    21075
  ],
  "ices_fraction_explore_actions": [
    0.10204008221626282,
    0.09824446588754654,
    0.10446251183748245
  ],
  "ices_fraction_explore_actions_T": [
    1033,
    11047,
    21075
  ],
  "ices_intrinsic_mean": [
    0.4194350242614746,
    0.0015382490819320083,
    0.0008573055383749306
  ],
  "ices_intrinsic_mean_T": [
    1033,
    11047,
    21075
  ],
  "ices_intrinsic_std": [
    0.03051671013236046,
    0.0008073828066699207,
    0.0005425551789812744
  ],
  "ices_intrinsic_std_T": [
    1033,
    11047,
    21075
  ],
  "ices_kl_mean": [
    0.21566720306873322,
    0.0009210385615006089,
    0.0004980169469490647
  ],
  "ices_kl_mean_T": [
    1033,
    11047,
    21075
  ],
  "ices_scaffold_loss": [
    0.6257004737854004,
    0.07364026457071304,
    0.047398168593645096
  ],
  "ices_scaffold_loss_T": [
    1033,
    11047,
    21075
  ],
  "ices_value_loss": [
    0.08191362023353577,
    1.907425030367449e-05,
    2.2654456188320182e-05
  ],
  "ices_value_loss_T": [
    1033,
    11047,
    21075
  ],
  "loss": [
    0.05446487292647362,
    0.004544719588011503,
    0.0021964164916425943
  ],
  "loss_T": [
    1033,
    11047,
    21075
  ],
  "pred_obs_loss": [
    5.571792125701904,
    2.094804048538208,
    1.8765565156936646
  ],
  "pred_obs_loss_T": [
    1033,
    11047,
    21075
  ],
  "pred_r_loss": [
    0.04435885325074196,
    0.0005045397556386888,
    0.0010145625565201044
  ],
  "pred_r_loss_T": [
    1033,
    11047,
    21075
  ],
  "q_taken_mean": [
    -0.043926221370132836,
    -0.03685008706111656,
    -0.03263136397640018
  ],
  "q_taken_mean_T": [
    1033,
    11047,
    21075
  ],
  "return_mean": [
    0.4540540540540541,
    0.32411774832157,
    0.3274131274131274
  ],
  "return_mean_T": [
    32,
    10055,
    20067
  ],
  "return_std": [
    0.0,
    0.14481095667637195,
    0.15272561806690294
  ],
  "return_std_T": [
    32,
    10055,
    20067
  ],
  "role_loss": [
    0.09519680589437485,
    0.0030573001131415367,
    0.003138216445222497
  ],
  "role_loss_T": [
    1033,
    11047,
    21075
  ],
  "role_q_taken_mean": [
    0.01987612040886213,
    0.015457939828982388,
    0.008195328876283754
  ],
  "role_q_taken_mean_T": [
    1033,
    11047,
    21075
  ],
  "target_mean": [
    -0.04228529455346259,
    -0.036860163086256954,
    -0.03171352093566509
  ],
  "target_mean_T": [
    1033,
    11047,
    21075
  ],
  "td_error_abs": [
    0.1081811659333782,
    0.037687913709346633,
    0.029765852021008003
  ],
  "td_error_abs_T": [
    1033,
    11047,
    21075
  ],
  "test_battle_won_mean": [
    0.0,
    0.0,
    0.0
  ],
  "test_battle_won_mean_T": [
    32,
    10055,
    20067
  ],
  "test_ep_length_mean": [
    28.84375,
    29.03125,
    28.90625
  ],
  "test_ep_length_mean_T": [
    32,
    10055,
    20067
  ],
  "test_return_mean": [
    0.0,
    0.0,
    0.0
  ],
  "test_return_mean_T": [
    32,
    10055,
    20067
  ],
  "test_return_std": [
    0.0,
    0.0,
    0.0
  ],
  "test_return_std_T": [
    32,
    10055,
    20067
  ]
}