{
  "action_encoder_grad_norm": [
    1.1267558336257935,
    2.002072811126709
  ],
  "action_encoder_grad_norm_T": [
    665,
    10682
  ],
  "battle_won_mean": [
    0.0,
    0.0
  ],
  "battle_won_mean_T": [
    20,
    10032
  ],
  "ep_length_mean": [
    20.0,
    21.122362869198312
  ],
  "ep_length_mean_T": [
    20,
    10032
  ],
  "episode": [
    474
  ],
  "episode_T": [
    10012
  ],
  "epsilon": [
    0.0,
    0.0
  ],
  "epsilon_T": [
    20,
    10032
  ],
  "grad_norm": [
    6.603699207305908,
    0.30547043681144714
  ],
  "grad_norm_T": [
    665,
    10682
  ],
  "ices_alpha": [
    0.1,
    0.1
  ],
  "ices_alpha_T": [
    665,
    10682
  ],
  "ices_entropy": [
    1.7319642305374146,
    1.6683931350708008
  ],
  "ices_entropy_T": [
    665,
    10682
  ],
  "ices_explorer_loss": [
    0.8896121978759766,
    -0.15651091933250427
  ],
  "ices_explorer_loss_T": [
    665,
    10682
  ],
  "ices_fraction_explore_actions": [
    0.0997493714094162,
    0.10398010164499283
  ],
  "ices_fraction_explore_actions_T": [
    665,
    10682
  ],
  "ices_intrinsic_mean": [
    0.6111076474189758,
    0.0016144166002050042
  ],
  "ices_intrinsic_mean_T": [
    665,
    10682
  ],
  "ices_intrinsic_std": [
    0.07676837593317032,
    0.0011501751141622663
  ],
  "ices_intrinsic_std_T": [
    665,
    10682
  ],
  "ices_kl_mean": [
    0.27992960810661316,
    0.0008256513974629343
  ],
  "ices_kl_mean_T": [
    665,
    10682
  ],
  "ices_scaffold_loss": [
    1.010481357574463,
    0.0895252376794815
  ],
  "ices_scaffold_loss_T": [
    665,
    10682
  ],
  "ices_value_loss": [
    0.24596244096755981,
    4.1017960029421374e-05
  ],
  "ices_value_loss_T": [
    665,
    10682
  ],
  "loss": [
    0.014628946781158447,
    0.007758070714771748
  ],
  "loss_T": [
    665,
    10682
  ],
  "pred_obs_loss": [
    4.189433574676514,
    0.937404453754425
  ],
  "pred_obs_loss_T": [
    665,
    10682
  ],
  "pred_r_loss": [
    0.005759106483310461,
    0.004306569695472717
  ],
  "pred_r_loss_T": [
    665,
    10682
  ],
  "q_taken_mean": [
    0.06025871716645129,
    0.061370143605701956
  ],
  "q_taken_mean_T": [
    665,
    10682
  ],
  "return_mean": [
    0.8108108108108109,
    0.7467712966130687
  ],
  "return_mean_T": [
    20,
    10032
  ],
  "return_std": [
    0.0,
    0.31883793017734763
  ],
  "return_std_T": [
    20,
    10032
  ],
  "role_loss": [
    0.13855329155921936,
    0.0233268104493618
  ],
  "role_loss_T": [
    665,
    10682
  ],
  "role_q_taken_mean": [
    -0.09237327489182522,
    0.0199001294955645
  ],
  "role_q_taken_mean_T": [
    665,
    10682
  ],
  "target_mean": [
    0.06163264300888941,
    0.05783422669368004
  ],
  "target_mean_T": [
    665,
    10682
  ],
  "td_error_abs": [
    0.08906637779752115,
    0.06750893664004198
  ],
  "td_error_abs_T": [
    665,
    10682
  ],
  "test_battle_won_mean": [
    0.0,
    0.0
  ],
  "test_battle_won_mean_T": [
    20,
    10032
  ],
  "test_ep_length_mean": [
    20.40625,
    20.6875
  ],
  "test_ep_length_mean_T": [
    20,
    10032
  ],
  "test_return_mean": [
    0.0,
    0.0
  ],
  "test_return_mean_T": [
    20,
    10032
  ],
  "test_return_std": [
    0.0,
    0.0
  ],
  "test_return_std_T": [
    20,
    10032
  ]
}