{
  "action_encoder_grad_norm": [
    3.2095088958740234,
    1.5216835737228394,
    1.732424020767212,
    2.4031007289886475
  ],
  "action_encoder_grad_norm_T": [
    1334,
    11337,
    21368,
    31401
  ],
  "battle_won_mean": [
    0.0,
    0.0,
    0.0,
    0.0
  ],
  "battle_won_mean_T": [
    43,
    10070,
    20098,
    30133
  ],
  "ep_length_mean": [
    43.0,
    41.77916666666667,
    42.134453781512605,
    41.98744769874477
  ],
  "ep_length_mean_T": [
    43,
    10070,
    20098,
    30133
  ],
  "episode": [
    240,
    478,
    717
  ],
  "episode_T": [
    10028,
    20054,
    30090
  ],
  "epsilon": [
    0.0,
    0.0,
    0.0,
    0.0
  ],
  "epsilon_T": [
    43,
    10070,
    20098,
    30133
  ],
  "grad_norm": [
    2.2330126762390137,
    0.7046804428100586,
    0.7172426581382751,
    0.5378559231758118
  ],
  "grad_norm_T": [
    1334,
    11337,
    21368,
    31401
  ],
  "ices_alpha": [
    0.1,
    0.1,
    0.1,
    0.1
  ],
  "ices_alpha_T": [
    1334,
    11337,
    21368,
    31401
  ],
  "ices_entropy": [
    1.5443521738052368,
    1.5192784070968628,
    1.5275745391845703,
    1.5179239511489868
  ],
  "ices_entropy_T": [
    1334,
    11337,
    21368,
    31401
  ],
  "ices_explorer_loss": [
    3.703552722930908,
    -0.1393357515335083,
    -0.14636507630348206,
    -0.16007456183433533
  ],
  "ices_explorer_loss_T": [
    1334,
    11337,
    21368,
    31401
  ],
  "ices_fraction_explore_actions": [
    0.09885682165622711,
    0.09901633113622665,
    0.09778528660535812,
    0.10237471759319305
  ],
  "ices_fraction_explore_actions_T": [
    1334,
    11337,
    21368,
    31401
  ],
  "ices_intrinsic_mean": [
    1.1681346893310547,
    0.00437692366540432,
    0.0017867160495370626,
    0.001079069683328271
  ],
  "ices_intrinsic_mean_T": [
    1334,
    11337,
    21368,
    31401
  ],
  "ices_intrinsic_std": [
    0.18776549398899078,
    0.0028215954080224037,
    0.0010831368854269385,
    0.0006897422135807574
  ],
  "ices_intrinsic_std_T": [
    1334,
    11337,
    21368,
    31401
  ],
  "ices_kl_mean": [
    0.5753219723701477,
    0.0019224274437874556,
    0.0008192778332158923,
    0.0004824250645469874
  ],
  "ices_kl_mean_T": [
    1334,
    11337,
    21368,
    31401
  ],
  "ices_scaffold_loss": [
    1.5898535251617432,
    0.14125505089759827,
    0.10202234983444214,
    0.09085877239704132
  ],
  "ices_scaffold_loss_T": [
    1334,
    11337,
    21368,
    31401
  ],
  "ices_value_loss": [
    1.746325135231018,
    7.682062278036028e-05,
    1.8683997041080147e-05,
    3.0542902095476165e-05
  ],
  "ices_value_loss_T": [
    1334,
    11337,
    21368,
    31401
  ],
  "loss": [
    0.05264061316847801,
    0.011560576036572456,
    0.0092398039996624,
    0.006485518999397755
  ],
  "loss_T": [
    1334,
    11337,
    21368,
    31401
  ],
  "pred_obs_loss": [
    5.208436012268066,
    1.5356025695800781,
    1.2926234006881714,
    1.3651869297027588
  ],
  "pred_obs_loss_T": [
    1334,
    11337,
    21368,
    31401
  ],
  "pred_r_loss": [
    0.01770860143005848,
    0.0021155744325369596,
    0.0017091385088860989,
    0.0017691849498078227
  ],
  "pred_r_loss_T": [
    1334,
    11337,
    21368,
    31401
  ],
  "q_taken_mean": [
    -0.14935171193089977,
    -0.11515616662606719,
    -0.11575689688101187,
    -0.12258406691169596
  ],
  "q_taken_mean_T": [
    1334,
    11337,
    21368,
    31401
  ],
  "return_mean": [
    1.0374251497005984,
    0.7668038922155688,
    0.8008290142404266,
    0.755511988575151
  ],
  "return_mean_T": [
    43,
    10070,
    20098,
    30133
  ],
  "return_std": [
    0.0,
    0.34568074491273987,
    0.3434211910624036,
    0.3345879858208902
  ],
  "return_std_T": [
    43,
    10070,
    20098,
    30133
  ],
  "role_loss": [
    0.08756139129400253,
    0.01349237933754921,
    0.01889682374894619,
    0.011773938313126564
  ],
  "role_loss_T": [
    1334,
    11337,
    21368,
    31401
  ],
  "role_q_taken_mean": [
    0.03973597604057393,
    0.038616113495408444,
    0.06419917417683482,
    0.05189740742351992
  ],
  "role_q_taken_mean_T": [
    1334,
    11337,
    21368,
    31401
  ],
  "target_mean": [
    -0.14285111320072386,
    -0.12318324122326234,
    -0.1228318772874437,
    -0.11647515307635448
  ],
  "target_mean_T": [
    1334,
    11337,
    21368,
    31401
  ],
  "td_error_abs": [
    0.12224979200463244,
    0.08977325598044845,
    0.08015190445267044,
    0.056316743792217884
  ],
  "td_error_abs_T": [
    1334,
    11337,
    21368,
    31401
  ],
  "test_battle_won_mean": [
    0.0,
    0.0,
    0.0,
    0.0
  ],
  "test_battle_won_mean_T": [
    43,
    10070,
    20098,
    30133
  ],
  "test_ep_length_mean": [
    41.59375,
    41.28125,
    41.375,
    41.28125
  ],
  "test_ep_length_mean_T": [
    43,
    10070,
    20098,
    30133
  ],
  "test_return_mean": [
    0.0,
    0.0,
    0.0,
    0.0
  ],
  "test_return_mean_T": [
    43,
    10070,
    20098,
    30133
  ],
  "test_return_std": [
    0.0,
    0.0,
    0.0,
    0.0
  ],
  "test_return_std_T": [
    43,
    10070,
    20098,
    30133
  ]
}