{
  "action_encoder_grad_norm": [
    1.910656213760376
  ],
  "action_encoder_grad_norm_T": [
    1601628
  ],
  "battle_won_mean": [
    0.0,
    0.0,
    0.0,
    0.0,
    0.0,
    0.0,
    0.0,
    0.0,
    0.0,
    0.0,
    0.0,
    0.0,
    0.0,
    0.0,
    0.0,
    0.0,
    0.0,
    0.0,
    0.0,
    0.0,
    0.0,
    0.0,
    0.0,
    0.0,
    0.0,
    0.0,
    0.0,
    0.0,
    0.0,
    0.0,
    0.0
  ],
  "battle_won_mean_T": [
    1600490,
    1610496,
    1620499,
    1630500,
    1640513,
    1650516,
    1660529,
    1670557,
    1680586,
    1690604,
    1700619,
    1710620,
    1720621,
    1730646,
    1740661,
    1750669,
    1760686,
    1770687,
    1780709,
    1790720,
    1800731,
    1810748,
    1820755,
    1830771,
    1840781,
    1850788,
    1860810,
    1870831,
    1880840,
    1890844,
    1900845
  ],
  "ep_length_mean": [
    37.0,
    36.65201465201465,
    36.50729927007299,
    36.104693140794225,
    35.381625441696116,
    35.34628975265018,
    35.381625441696116,
    34.57931034482758,
    35.313380281690144,
    34.6643598615917,
    34.41580756013746,
    33.67340067340067,
    33.115894039735096,
    33.085808580858085,
    32.20257234726688,
    30.699386503067483,
    29.8125,
    31.85031847133758,
    32.53896103896104,
    32.18971061093247,
    33.039603960396036,
    35.64768683274021,
    31.971246006389777,
    28.617142857142856,
    26.342105263157894,
    27.192934782608695,
    30.27794561933535,
    37.25278810408922,
    42.054621848739494,
    42.03361344537815,
    43.672489082969435
  ],
  "ep_length_mean_T": [
    1600490,
    1610496,
    1620499,
    1630500,
    1640513,
    1650516,
    1660529,
    1670557,
    1680586,
    1690604,
    1700619,
    1710620,
    1720621,
    1730646,
    1740661,
    1750669,
    1760686,
    1770687,
    1780709,
    1790720,
    1800731,
    1810748,
    1820755,
    1830771,
    1840781,
    1850788,
    1860810,
    1870831,
    1880840,
    1890844,
    1900845
  ],
  "episode": [
    1,
    274,
    548,
    825,
    1108,
    1391,
    1674,
    1964,
    2248,
    2537,
    2828,
    3125,
    3427,
    3730,
    4041,
    4367,
    4703,
    5017,
    5325,
    5636,
    5939,
    6220,
    6533,
    6883,
    7263,
    7631,
    7962,
    8231,
    8469,
    8707,
    8936
  ],
  "episode_T": [
    1600490,
    1610496,
    1620499,
    1630500,
    1640513,
    1650516,
    1660529,
    1670557,
    1680586,
    1690604,
    1700619,
    1710620,
    1720621,
    1730646,
    1740661,
    1750669,
    1760686,
    1770687,
    1780709,
    1790720,
    1800731,
    1810748,
    1820755,
    1830771,
    1840781,
    1850788,
    1860810,
    1870831,
    1880840,
    1890844,
    1900845
  ],
  "epsilon": [
    1.0,
    0.980981,
    0.9619791,
    0.9429734,
    0.9239506,
    0.9049373000000001,
    0.8859183,
    0.8668727,
    0.84781,
    0.8287815000000001,
    0.8097435000000001,
    0.7907416,
    0.7717321,
    0.7527036,
    0.7336618,
    0.7146504,
    0.6956124,
    0.6766181,
    0.6575763000000001,
    0.6385497,
    0.6195459000000001,
    0.6005041,
    0.5814889000000001,
    0.5624452,
    0.5434205000000001,
    0.5244186000000001,
    0.5053825000000001,
    0.48635020000000007,
    0.46733120000000006,
    0.44833500000000004,
    0.4293331
  ],
  "epsilon_T": [
    1600490,
    1610496,
    1620499,
    1630500,
    1640513,
    1650516,
    1660529,
    1670557,
    1680586,
    1690604,
    1700619,
    1710620,
    1720621,
    1730646,
    1740661,
    1750669,
    1760686,
    1770687,
    1780709,
    1790720,
    1800731,
    1810748,
    1820755,
    1830771,
    1840781,
    1850788,
    1860810,
    1870831,
    1880840,
    1890844,
    1900845
  ],
  "grad_norm": [
    175.9468994140625,
    14.06081771850586,
    4.404991149902344,
    2.3834428787231445,
    0.9899595975875854,
    0.8658046722412109,
    2.757969856262207,
    0.34370383620262146,
    0.9953929781913757,
    1.0894150733947754,
    12.84642219543457,
    1.665979027748108,
    2.5792579650878906,
    1.6170456409454346,
    1.897268533706665,
    1.3151462078094482,
    1.4064583778381348,
    3.8908703327178955,
    1.579772710800171,
    3.175499677658081,
    3.3256032466888428,
    3.414336919784546,
    4.043139457702637,
    10.840407371520996,
    11.377424240112305,
    6.884620666503906,
    8.77658462524414,
    Infinity,
    1061723.5,
    1512.1842041015625,
    Infinity
  ],
  "grad_norm_T": [
    1601628,
    1611652,
    1621672,
    1631680,
    1641687,
    1651693,
    1661708,
    1671751,
    1681751,
    1691762,
    1701778,
    1711805,
    1721828,
    1731828,
    1741836,
    1751837,
    1761847,
    1771850,
    1781864,
    1791896,
    1801918,
    1811930,
    1821943,
    1831948,
    1841954,
    1851976,
    1861991,
    1872006,
    1882034,
    1892067,
    1902100
  ],
  "loss": [
    33.04822540283203,
    0.01981227472424507,
    0.025300055742263794,
    0.013950702734291553,
    0.014470932073891163,
    0.01721365563571453,
    0.02078699693083763,
    0.020448114722967148,
    0.017727747559547424,
    0.025480270385742188,
    0.025573203340172768,
    0.03375083580613136,
    0.04779741168022156,
    0.04664020985364914,
    0.09948346018791199,
    0.07921342551708221,
    0.06748747080564499,
    0.08218440413475037,
    0.07911323010921478,
    0.11919096857309341,
    0.12002212554216385,
    0.12819375097751617,
    0.1575993299484253,
    0.3319171071052551,
    0.22304996848106384,
    0.13944503664970398,
    0.1508815586566925,
    0.10751689970493317,
    0.17696833610534668,
    0.16776618361473083,
    0.15220066905021667
  ],
  "loss_T": [
    1601628,
    1611652,
    1621672,
    1631680,
    1641687,
    1651693,
    1661708,
    1671751,
    1681751,
    1691762,
    1701778,
    1711805,
    1721828,
    1731828,
    1741836,
    1751837,
    1761847,
    1771850,
    1781864,
    1791896,
    1801918,
    1811930,
    1821943,
    1831948,
    1841954,
    1851976,
    1861991,
    1872006,
    1882034,
    1892067,
    1902100
  ],
  "pred_obs_loss": [
    1.3573005199432373
  ],
  "pred_obs_loss_T": [
    1601628
  ],
  "pred_r_loss": [
    0.0010456880554556847
  ],
  "pred_r_loss_T": [
    1601628
  ],
  "q_taken_mean": [
    0.1277917759431639,
    0.11956012614646971,
    0.1165062369250099,
    0.11827962378813801,
    0.12024911712823516,
    0.12323515340973643,
    0.12220512415824916,
    0.13219124842171717,
    0.12422208210301837,
    0.1313989342118627,
    0.12977709137641838,
    0.14065378080538618,
    0.14472654200765922,
    0.15001827555950298,
    0.1671785152798487,
    0.17576023338135466,
    0.18105123753561253,
    0.1929897732204861,
    0.19525303154755438,
    0.2226702332181583,
    0.22421203094252934,
    0.21631837770950674,
    0.24748553829452546,
    0.24517946466581525,
    0.26241340087858367,
    0.2645679524639002,
    0.22961646620704237,
    0.18449339652383695,
    0.2190371555801093,
    0.24117509570502862,
    0.2168623470746445
  ],
  "q_taken_mean_T": [
    1601628,
    1611652,
    1621672,
    1631680,
    1641687,
    1651693,
    1661708,
    1671751,
    1681751,
    1691762,
    1701778,
    1711805,
    1721828,
    1731828,
    1741836,
    1751837,
    1761847,
    1771850,
    1781864,
    1791896,
    1801918,
    1811930,
    1821943,
    1831948,
    1841954,
    1851976,
    1861991,
    1872006,
    1882034,
    1892067,
    1902100
  ],