{
  "action_encoder_grad_norm": [
    3.094907522201538,
    1.1207603216171265,
    1.36215078830719,
    3.0826754570007324,
    1.372794270515442
  ],
  "action_encoder_grad_norm_T": [
    1180,
    11191,
    21217,
    31248,
    41265
  ],
  "battle_won_mean": [
    0.0,
    0.0,
    0.0,
    0.0,
    0.0,
    0.0,
    0.0
  ],
  "battle_won_mean_T": [
    30,
    10055,
    20069,
    30097,
    40124,
    50129,
    60168
  ],
  "ep_length_mean": [
    30.0,
    33.52842809364549,
    33.04950495049505,
    33.87837837837838,
    33.875,
    34.739583333333336,
    32.91475409836065
  ],
  "ep_length_mean_T": [
    30,
    10055,
    20069,
    30097,
    40124,
    50129,
    60168
  ],
  "episode": [
    299,
    602,
    898,
    1194,
    1482,
    1787
  ],
  "episode_T": [
    10026,
    20037,
    30063,
    40092,
    50098,
    60126
  ],
  "epsilon": [
    1.0,
    0.8095060000000001,
    0.619297,
    0.42880300000000005,
    0.23825200000000013,
    0.998784,
    0.808252
  ],
  "epsilon_T": [
    30,
    10055,
    20069,
    30097,
    40124,
    50129,
    60168
  ],
  "grad_norm": [
    17.970748901367188,
    3.139572858810425,
    7.31156063079834,
    8.801554679870605,
    3.5928592681884766,
    2.3168554306030273,
    2.065476655960083
  ],
  "grad_norm_T": [
    1180,
    11191,
    21217,
    31248,
    41265,
    51280,
    61309
  ],
  "loss": [
    0.20822955667972565,
    0.16997100412845612,
    0.09904174506664276,
    0.09846142679452896,
    0.0853620246052742,
    0.09417705982923508,
    0.06417212635278702
  ],
  "loss_T": [
    1180,
    11191,
    21217,
    31248,
    41265,
    51280,
    61309
  ],
  "pred_obs_loss": [
    5.772975921630859,
    3.66711163520813,
    3.4825246334075928,
    2.984417676925659,
    3.7352311611175537
  ],
  "pred_obs_loss_T": [
    1180,
    11191,
    21217,
    31248,
    41265
  ],
  "pred_r_loss": [
    0.10313613712787628,
    0.07003134489059448,
    0.07850835472345352,
    0.08014144748449326,
    0.09591972827911377
  ],
  "pred_r_loss_T": [
    1180,
    11191,
    21217,
    31248,
    41265
  ],
  "q_taken_mean": [
    -0.05312992677850238,
    0.16773092837734077,
    0.5662505610829178,
    0.7137095228533878,
    1.104910681598524,
    1.2318056296062558,
    1.448767055650385
  ],
  "q_taken_mean_T": [
    1180,
    11191,
    21217,
    31248,
    41265,
    51280,
    61309
  ],
  "return_mean": [
    8.828014026988637,
    10.085814480611102,
    10.300036961703983,
    10.611554216443134,
    10.664367033080413,
    11.007082995570238,
    9.971040358207365
  ],
  "return_mean_T": [
    30,
    10055,
    20069,
    30097,
    40124,
    50129,
    60168
  ],
  "return_std": [
    0.0,
    1.5533666283598804,
    1.620055710250005,
    1.6576697747914226,
    1.602231475054915,
    1.592712762650419,
    1.6240636137477151
  ],
  "return_std_T": [
    30,
    10055,
    20069,
    30097,
    40124,
    50129,
    60168
  ],
  "role_loss": [
    2.4644837379455566,
    0.1711273044347763,
    0.3149697482585907,
    0.3513564467430115,
    0.25447213649749756,
    0.2731177508831024,
    0.16442860662937164
  ],
  "role_loss_T": [
    1180,
    11191,
    21217,
    31248,
    41265,
    51280,
    61309
  ],
  "role_q_taken_mean": [
    0.016293188420737664,
    1.1450672919440164,
    2.2662664165411295,
    2.5006510416666665,
    2.706943748271571,
    2.590481820585426,
    2.5218891344572367
  ],
  "role_q_taken_mean_T": [
    1180,
    11191,
    21217,
    31248,
    41265,
    51280,
    61309
  ],
  "target_mean": [
    0.08640181977870101,
    0.2656795414349505,
    0.5908429760765372,
    0.7729722067574474,
    1.0538434186826382,
    1.2662013486899373,
    1.4021143125218838
  ],
  "target_mean_T": [
    1180,
    11191,
    21217,
    31248,
    41265,
    51280,
    61309
  ],
  "td_error_abs": [
    0.29160875223450744,
    0.3220660377094764,
    0.23710972857497922,
    0.2326827147296656,
    0.22439918410811563,
    0.22948160410591487,
    0.20069325337556898
  ],
  "td_error_abs_T": [
    1180,
    11191,
    21217,
    31248,
    41265,
    51280,
    61309
  ],
  "test_battle_won_mean": [
    0.0,
    0.0,
    0.0,
    0.0,
    0.0,
    0.0,
    0.0
  ],
  "test_battle_won_mean_T": [
    30,
    10055,
    20069,
    30097,
    40124,
    50129,
    60168
  ],
  "test_ep_length_mean": [
    35.75,
    35.78125,
    36.34375,
    36.53125,
    35.375,
    33.4375,
    40.90625
  ],
  "test_ep_length_mean_T": [
    30,
    10055,
    20069,
    30097,
    40124,
    50129,
    60168
  ],
  "test_return_mean": [
    10.792628696986608,
    11.107441790692217,
    10.787188542353642,
    10.782113508744674,
    10.652769014432833,
    7.489014167290229,
    12.69422060483462
  ],
  "test_return_mean_T": [
    30,
    10055,
    20069,
    30097,
    40124,
    50129,
    60168
  ],
  "test_return_std": [
    1.0821979227309348,
    1.0254981688488134,
    1.1028256558730665,
    0.9622673529097628,
    0.821120292687674,
    1.4691996925043844,
    1.9691547376393375
  ],
  "test_return_std_T": [
    30,
    10055,
    20069,
    30097,
    40124,
    50129,
    60168
  ]
}