{
  "action_encoder_grad_norm": [
    1.3801149129867554
  ],
  "action_encoder_grad_norm_T": [
    4904621
  ],
  "battle_won_mean": [
    0.0,
    0.0,
    0.0,
    0.0,
    0.0,
    0.0,
    0.0,
    0.023255813953488372,
    0.023809523809523808,
    0.02564102564102564,
    0.0,
    0.0,
    0.0,
    0.03125,
    0.0
  ],
  "battle_won_mean_T": [
    4903525,
    4913864,
    4924180,
    4934342,
    4944502,
    4954696,
    4964773,
    4975076,
    4985186,
    4995227,
    5005265,
    5015370,
    5025538,
    5035625,
    5045702
  ],
  "ep_length_mean": [
    35.0,
    38.29259259259259,
    51.32338308457712,
    104.76288659793815,
    191.69811320754718,
    268.2631578947368,
    219.06521739130434,
    239.6046511627907,
    240.71428571428572,
    257.46153846153845,
    257.38461538461536,
    336.8333333333333,
    350.62068965517244,
    315.21875,
    296.38235294117646
  ],
  "ep_length_mean_T": [
    4903525,
    4913864,
    4924180,
    4934342,
    4944502,
    4954696,
    4964773,
    4975076,
    4985186,
    4995227,
    5005265,
    5015370,
    5025538,
    5035625,
    5045702
  ],
  "episode": [
    1,
    271,
    472,
    569,
    622,
    660,
    706,
    749,
    791,
    830,
    869,
    899,
    928,
    960,
    994
  ],
  "episode_T": [
    4903525,
    4913864,
    4924180,
    4934342,
    4944502,
    4954696,
    4964773,
    4975076,
    4985186,
    4995227,
    5005265,
    5015370,
    5025538,
    5035625,
    5045702
  ],
  "epsilon": [
    1.0,
    0.810494,
    0.61449,
    0.418011,
    0.2245720000000001,
    0.05,
    0.05,
    0.05,
    0.05,
    0.05,
    0.05,
    0.05,
    0.05,
    0.05,
    0.05
  ],
  "epsilon_T": [
    4903525,
    4913864,
    4924180,
    4934342,
    4944502,
    4954696,
    4964773,
    4975076,
    4985186,
    4995227,
    5005265,
    5015370,
    5025538,
    5035625,
    5045702
  ],
  "grad_norm": [
    207.28268432617188,
    3.3044354915618896,
    1.4272501468658447,
    0.946952223777771,
    1.026919960975647,
    1.628233790397644,
    4.714373588562012,
    2.3277273178100586,
    1.068608045578003,
    2.002910852432251,
    1.1961363554000854,
    0.706413984298706,
    2.8644821643829346,
    3.6484203338623047,
    2.0995752811431885
  ],
  "grad_norm_T": [
    4904621,
    4914643,
    4924985,
    4935110,
    4945205,
    4955281,
    4965573,
    4975628,
    4985704,
    4996027,
    5006422,
    5016523,
    5026537,
    5036558,
    5046570
  ],
  "loss": [
    42.435401916503906,
    0.09454216808080673,
    0.0631910040974617,
    0.0711929127573967,
    0.049641840159893036,
    0.0581442154943943,
    0.16023214161396027,
    0.08326224237680435,
    0.0655471533536911,
    0.054163578897714615,
    0.054285190999507904,
    0.04602928087115288,
    0.08294454216957092,
    0.05178653448820114,
    0.04520595073699951
  ],
  "loss_T": [
    4904621,
    4914643,
    4924985,
    4935110,
    4945205,
    4955281,
    4965573,
    4975628,
    4985704,
    4996027,
    5006422,
    5016523,
    5026537,
    5036558,
    5046570
  ],
  "pred_obs_loss": [
    1.505098581314087
  ],
  "pred_obs_loss_T": [
    4904621
  ],
  "pred_r_loss": [
    0.012903453782200813
  ],
  "pred_r_loss_T": [
    4904621
  ],
  "q_taken_mean": [
    0.741648419079723,
    0.39808685458389587,
    0.46084385313081533,
    0.5090288231353157,
    0.4563585669125217,
    0.4704002598399768,
    0.5343857143030338,
    0.603314848606794,
    0.5619372054533214,
    0.5679732239250845,
    0.5214241759417808,
    0.529197536455263,
    0.5635220186485785,
    0.4916195802261682,
    0.4895071041748318
  ],
  "q_taken_mean_T": [
    4904621,
    4914643,
    4924985,
    4935110,
    4945205,
    4955281,
    4965573,
    4975628,
    4985704,
    4996027,
    5006422,
    5016523,
    5026537,
    5036558,
    5046570
  ],
  "return_mean": [
    3.3415985107421875,
    3.0618633694118924,
    3.1408440509245765,
    3.6703270194456747,
    5.412123626133181,
    8.88959342554996,
    7.298547164253566,
    9.748180832973746,
    9.88167481195359,
    9.887406764886318,
    9.095560905260918,
    9.90247294108073,
    10.001052856445312,
    10.057059288024902,
    9.43015693215763
  ],
  "return_mean_T": [
    4903525,
    4913864,
    4924180,
    4934342,
    4944502,
    4954696,
    4964773,
    4975076,
    4985186,
    4995227,
    5005265,
    5015370,
    5025538,
    5035625,
    5045702
  ],
  "return_std": [
    0.0,
    0.6341872676284124,
    0.9701831970283802,
    1.4355742945766718,
    2.3114268167178014,
    3.5236351324170587,
    2.9343841490400706,
    3.74844181886087,
    3.6931061788695825,
    3.4555260238970615,
    3.7539117734648424,
    3.612344888890905,
    3.514183421733004,
    4.320277000324116,
    3.270114267508733
  ],
  "return_std_T": [
    4903525,
    4913864,
    4924180,
    4934342,
    4944502,
    4954696,
    4964773,
    4975076,
    4985186,
    4995227,
    5005265,
    5015370,
    5025538,
    5035625,
    5045702
  ],
  "role_loss": [
    6.8317742347717285,
    0.19955532252788544,
    0.2168787121772766,
    0.2889779508113861,
    0.1958058625459671,
    0.18237775564193726,
    0.2073356956243515,
    0.3367379307746887,
    0.212595596909523,
    0.20716579258441925,
    0.18426759541034698,
    0.21032747626304626,
    0.2785682678222656,
    0.3169258236885071,
    0.16096928715705872
  ],
  "role_loss_T": [
    4904621,
    4914643,
    4924985,
    4935110,
    4945205,
    4955281,
    4965573,
    4975628,
    4985704,
    4996027,
    5006422,
    5016523,
    5026537,
    5036558,
    5046570
  ],
  "role_q_taken_mean": [
    0.4505306243896484,
    0.3768315741356383,
    0.3831473117404514,
    0.41061753696865505,
    0.39197149312110824,
    0.4040630332678248,
    0.41857434977029007,
    0.5400881508524104,
    0.4891259450973931,
    0.4663444858437119,
    0.47640378765544594,
    0.49131477832948656,
    0.5222348167782738,
    0.4902299136015247,
    0.442382970213582
  ],
  "role_q_taken_mean_T": [
    4904621,
    4914643,
    4924985,
    4935110,
    4945205,
    4955281,
    4965573,
    4975628,
    4985704,
    4996027,
    5006422,
    5016523,
    5026537,
    5036558,
    5046570
  ],
  "target_mean": [
    -0.191158817470021,
    0.4194191635960471,
    0.4567749278992934,
    0.5087245890518479,
    0.4531255820431025,
    0.4816238803978172,
    0.5016606411972377,
    0.6050899393440399,
    0.5625580911505087,
    0.558882049243491,
    0.5224112003863716,
    0.5282214217143185,
    0.5525481418146047,
    0.49055214533730157,
    0.4910844098549056
  ],
  "target_mean_T": [
    4904621,
    4914643,
    4924985,
    4935110,
    4945205,
    4955281,
    4965573,
    4975628,
    4985704,
    4996027,
    5006422,
    5016523,
    5026537,
    5036558,
    5046570
  ],
  "td_error_abs": [
    5.599984975961538,
    0.22737440217410412,
    0.16929971464680194,
    0.16237281495454622,
    0.12845826862072293,
    0.14929067918825134,
    0.2963939929585661,
    0.15543603530079744,
    0.15310401574071478,
    0.15864944028263472,
    0.14415330153245193,
    0.11766496307139172,
    0.18029114931254575,
    0.13030594386411518,
    0.11403107460914536
  ],
  "td_error_abs_T": [
    4904621,
    4914643,
    4924985,
    4935110,
    4945205,
    4955281,
    4965573,
    4975628,
    4985704,
    4996027,
    5006422,
    5016523,
    5026537,
    5036558,
    5046570
  ],
  "test_battle_won_mean": [
    0.0,
    0.0,
    0.0,
    0.03125,
    0.0,
    0.03125,
    0.0,
    0.03125,
    0.125,
    0.03125,
    0.0,
    0.0625,
    0.0625,
    0.03125,
    0.0625
  ],
  "test_battle_won_mean_T": [
    4903525,
    4913864,
    4924180,
    4934342,
    4944502,
    4954696,
    4964773,
    4975076,
    4985186,
    4995227,
    5005265,
    5015370,
    5025538,
    5035625,
    5045702
  ],