{
  "action_encoder_grad_norm": [
    1.199210286140442
  ],
  "action_encoder_grad_norm_T": [
    1902308
  ],
  "battle_won_mean": [
    0.0,
    0.0,
    0.0,
    0.0,
    0.0,
    0.0,
    0.07339449541284404,
    0.1346153846153846,
    0.09734513274336283,
    0.3445378151260504,
    0.3884297520661157,
    0.4117647058823529,
    0.36585365853658536,
    0.2905982905982906,
    0.46551724137931033
  ],
  "battle_won_mean_T": [
    1900707,
    1910736,
    1920780,
    1930795,
    1940843,
    1950859,
    1960984,
    1971037,
    1981093,
    1991105,
    2001109,
    2011218,
    2021269,
    2031321,
    2041373
  ],
  "ep_length_mean": [
    49.0,
    51.96373056994819,
    52.04145077720207,
    54.42934782608695,
    73.34306569343066,
    85.6068376068376,
    92.88990825688073,
    96.66346153846153,
    88.99115044247787,
    84.1344537815126,
    82.67768595041322,
    84.94957983193277,
    81.71544715447155,
    85.91452991452991,
    86.65517241379311
  ],
  "ep_length_mean_T": [
    1900707,
    1910736,
    1920780,
    1930795,
    1940843,
    1950859,
    1960984,
    1971037,
    1981093,
    1991105,
    2001109,
    2011218,
    2021269,
    2031321,
    2041373
  ],
  "episode": [
    1,
    194,
    387,
    571,
    708,
    825,
    934,
    1038,
    1151,
    1270,
    1391,
    1510,
    1633,
    1750,
    1866
  ],
  "episode_T": [
    1900707,
    1910736,
    1920780,
    1930795,
    1940843,
    1950859,
    1960984,
    1971037,
    1981093,
    1991105,
    2001109,
    2011218,
    2021269,
    2031321,
    2041373
  ],
  "epsilon": [
    1.0,
    0.8094490000000001,
    0.6186130000000001,
    0.42853700000000006,
    0.23789100000000007,
    0.05,
    0.05,
    0.05,
    0.05,
    0.05,
    0.05,
    0.05,
    0.05,
    0.05,
    0.05
  ],
  "epsilon_T": [
    1900707,
    1910736,
    1920780,
    1930795,
    1940843,
    1950859,
    1960984,
    1971037,
    1981093,
    1991105,
    2001109,
    2011218,
    2021269,
    2031321,
    2041373
  ],
  "grad_norm": [
    216.10887145996094,
    2.334942102432251,
    3.512730360031128,
    2.2318480014801025,
    3.1935741901397705,
    4.599014759063721,
    1.6959525346755981,
    2.8977131843566895,
    2.154297113418579,
    2.602231025695801,
    2.3833982944488525,
    4.373696327209473,
    3.443955183029175,
    7.005237579345703,
    3.4499199390411377
  ],
  "grad_norm_T": [
    1902308,
    1912325,
    1922344,
    1932446,
    1942503,
    1952549,
    1962604,
    1972751,
    1982876,
    1993014,
    2003027,
    2013067,
    2023093,
    2033106,
    2043188
  ],
  "loss": [
    44.30390930175781,
    0.06636729836463928,
    0.07007455825805664,
    0.039699405431747437,
    0.05664128065109253,
    0.05008959770202637,
    0.043503209948539734,
    0.0555366575717926,
    0.05566270649433136,
    0.039285808801651,
    0.04239606857299805,
    0.0827302634716034,
    0.04817071557044983,
    0.04881507158279419,
    0.05282619595527649
  ],
  "loss_T": [
    1902308,
    1912325,
    1922344,
    1932446,
    1942503,
    1952549,
    1962604,
    1972751,
    1982876,
    1993014,
    2003027,
    2013067,
    2023093,
    2033106,
    2043188
  ],
  "pred_obs_loss": [
    1.3418958187103271
  ],
  "pred_obs_loss_T": [
    1902308
  ],
  "pred_r_loss": [
    0.00834568589925766
  ],
  "pred_r_loss_T": [
    1902308
  ],
  "q_taken_mean": [
    0.5770322117660985,
    0.3223492367543028,
    0.4236442828365457,
    0.4198017770982944,
    0.45770310907485146,
    0.4661289760044643,
    0.459486123577761,
    0.46969291355298914,
    0.4875666864373479,
    0.4755522697202621,
    0.48298060135254595,
    0.5288058227984394,
    0.5986965107150727,
    0.5126541864841152,
    0.5617250233352087
  ],
  "q_taken_mean_T": [
    1902308,
    1912325,
    1922344,
    1932446,
    1942503,
    1952549,
    1962604,
    1972751,
    1982876,
    1993014,
    2003027,
    2013067,
    2023093,
    2033106,
    2043188
  ],
  "return_mean": [
    4.33774834437086,
    4.816293792677486,
    5.483512335723844,
    6.465231788079469,
    8.523432590515778,
    10.57504103696156,
    12.96208761164104,
    14.150805527254192,
    13.971385453906107,
    16.01222939506928,
    16.467790487658032,
    16.754507763370245,
    16.279693641307265,
    16.142964283692756,
    17.188984357159164
  ],
  "return_mean_T": [
    1900707,
    1910736,
    1920780,
    1930795,
    1940843,
    1950859,
    1960984,
    1971037,
    1981093,
    1991105,
    2001109,
    2011218,
    2021269,
    2031321,
    2041373
  ],
  "return_std": [
    0.0,
    0.8096336873433106,
    0.8108077146570588,
    1.1270302823222291,
    1.5731333541675319,
    2.010106977118381,
    2.960714248958182,
    3.215651726786312,
    2.8859954838603064,
    3.4586655459074844,
    3.3467735321634864,
    3.135464688973467,
    3.322667703855709,
    2.9852129162800867,
    3.043909337424656
  ],
  "return_std_T": [
    1900707,
    1910736,
    1920780,
    1930795,
    1940843,
    1950859,
    1960984,
    1971037,
    1981093,
    1991105,
    2001109,
    2011218,
    2021269,
    2031321,
    2041373
  ],
  "role_loss": [
    27.044836044311523,
    0.29883483052253723,
    0.25196003913879395,
    0.19213742017745972,
    0.1748608648777008,
    0.2296220362186432,
    0.18083278834819794,
    0.341484934091568,
    0.2320147603750229,
    0.335888147354126,
    0.3622245192527771,
    0.35925695300102234,
    0.43001097440719604,
    0.5190134048461914,
    0.47886040806770325
  ],
  "role_loss_T": [
    1902308,
    1912325,
    1922344,
    1932446,
    1942503,
    1952549,
    1962604,
    1972751,
    1982876,
    1993014,
    2003027,
    2013067,
    2023093,
    2033106,
    2043188
  ],
  "role_q_taken_mean": [
    0.582758437755496,
    0.4025815796244246,
    0.4248994595742639,
    0.36677651828886104,
    0.3591788736979167,
    0.3552669992252272,
    0.37939235142299105,
    0.4453799225563227,
    0.4661315676404807,
    0.5193166016589983,
    0.5201229950021651,
    0.58573817075948,
    0.6843473446701017,
    0.5936399049396757,
    0.6902923583984375
  ],
  "role_q_taken_mean_T": [
    1902308,
    1912325,
    1922344,
    1932446,
    1942503,
    1952549,
    1962604,
    1972751,
    1982876,
    1993014,
    2003027,
    2013067,
    2023093,
    2033106,
    2043188
  ],
  "target_mean": [
    -0.11604751124526515,
    0.32701404620496644,
    0.41077790982621076,
    0.4166800352287178,
    0.468792107172471,
    0.473654869119957,
    0.46599123324363295,
    0.4725792926290761,
    0.49335548644326327,
    0.47724176222278225,
    0.4860335677820014,
    0.5088296371478517,
    0.5967794849568918,
    0.5203876812430736,
    0.5678437228288666
  ],
  "target_mean_T": [
    1902308,
    1912325,
    1922344,
    1932446,
    1942503,
    1952549,
    1962604,
    1972751,
    1982876,
    1993014,
    2003027,
    2013067,
    2023093,
    2033106,
    2043188
  ],
  "td_error_abs": [
    5.549440104166667,
    0.19081332942290513,
    0.19738198592854178,
    0.14889279815838197,
    0.17313728733178724,
    0.16179770817832342,
    0.14508675635814014,
    0.15968253757642664,
    0.16618513042311722,
    0.141752193820092,
    0.14825554559501708,
    0.21522851641670043,
    0.1556554250435558,
    0.15376600216885622,
    0.15966035184220284
  ],
  "td_error_abs_T": [
    1902308,
    1912325,
    1922344,
    1932446,
    1942503,
    1952549,
    1962604,
    1972751,
    1982876,
    1993014,
    2003027,
    2013067,
    2023093,
    2033106,
    2043188
  ],
  "test_battle_won_mean": [
    0.90625,
    0.03125,
    0.03125,
    0.03125,
    0.0,
    0.0,
    0.125,
    0.25,
    0.375,
    0.46875,
    0.78125,
    0.8125,
    0.65625,
    0.65625,
    0.65625
  ],