{
  "action_encoder_grad_norm": [
    3.6698665618896484,
    2.3094494342803955,
    2.6841623783111572,
    2.054227113723755,
    2.037910223007202
  ],
  "action_encoder_grad_norm_T": [
    1321,
    11331,
    21371,
    31375,
    41403
  ],
  "battle_won_mean": [
    0.0,
    0.0,
    0.0,
    0.0,
    0.0,
    0.0
  ],
  "battle_won_mean_T": [
    41,
    10059,
    20072,
    30078,
    40101,
    50206
  ],
  "ep_length_mean": [
    41.0,
    41.9163179916318,
    41.89539748953975,
    42.04201680672269,
    41.93723849372385,
    42.45798319327731
  ],
  "ep_length_mean_T": [
    41,
    10059,
    20072,
    30078,
    40101,
    50206
  ],
  "episode": [
    239,
    478,
    716,
    955,
    1194
  ],
  "episode_T": [
    10017,
    20028,
    30038,
    40061,
    50206
  ],
  "epsilon": [
    0.0,
    0.0,
    0.0,
    0.0,
    0.0,
    0.0
  ],
  "epsilon_T": [
    41,
    10059,
    20072,
    30078,
    40101,
    50206
  ],
  "grad_norm": [
    4.488402366638184,
    0.2534913420677185,
    0.7780604362487793,
    0.35453128814697266,
    0.33482497930526733,
    1.1075538396835327
  ],
  "grad_norm_T": [
    1321,
    11331,
    21371,
    31375,
    41403,
    51440
  ],
  "ices_alpha": [
    0.1,
    0.1,
    0.1,
    0.1,
    0.1,
    0.1
  ],
  "ices_alpha_T": [
    1321,
    11331,
    21371,
    31375,
    41403,
    51440
  ],
  "ices_entropy": [
    1.5022976398468018,
    1.5350744724273682,
    1.4896899461746216,
    1.5345507860183716,
    1.5727050304412842,
    1.4215443134307861
  ],
  "ices_entropy_T": [
    1321,
    11331,
    21371,
    31375,
    41403,
    51440
  ],
  "ices_explorer_loss": [
    2.7020771503448486,
    -0.16442495584487915,
    -0.1556854397058487,
    -0.15952952206134796,
    -0.14835909008979797,
    -0.13106489181518555
  ],
  "ices_explorer_loss_T": [
    1321,
    11331,
    21371,
    31375,
    41403,
    51440
  ],
  "ices_fraction_explore_actions": [
    0.09632854163646698,
    0.09966592490673065,
    0.09945935755968094,
    0.09776119142770767,
    0.09608138352632523,
    0.09594827890396118
  ],
  "ices_fraction_explore_actions_T": [
    1321,
    11331,
    21371,
    31375,
    41403,
    51440
  ],
  "ices_intrinsic_mean": [
    0.9637780785560608,
    0.004309666808694601,
    0.0019887082744389772,
    0.0011904843850061297,
    0.0008296672021970153,
    0.0015594306169077754
  ],
  "ices_intrinsic_mean_T": [
    1321,
    11331,
    21371,
    31375,
    41403,
    51440
  ],
  "ices_intrinsic_std": [
    0.15456219017505646,
    0.0025381739251315594,
    0.0011497709201648831,
    0.0007673361687920988,
    0.0006015155813656747,
    0.0027514416724443436
  ],
  "ices_intrinsic_std_T": [
    1321,
    11331,
    21371,
    31375,
    41403,
    51440
  ],
  "ices_kl_mean": [
    0.42800167202949524,
    0.002345192478969693,
    0.0010617238003760576,
    0.0006427773041650653,
    0.00045879403478465974,
    0.0007760096923448145
  ],
  "ices_kl_mean_T": [
    1321,
    11331,
    21371,
    31375,
    41403,
    51440
  ],
  "ices_scaffold_loss": [
    1.4049506187438965,
    0.1460455060005188,
    0.10352902859449387,
    0.0902850478887558,
    0.08514535427093506,
    0.08996693044900894
  ],
  "ices_scaffold_loss_T": [
    1321,
    11331,
    21371,
    31375,
    41403,
    51440
  ],
  "ices_value_loss": [
    1.1715643405914307,
    5.845073610544205e-05,
    2.1255234969430603e-05,
    1.5577685189782642e-05,
    3.2978179660858586e-05,
    7.502733933506534e-05
  ],
  "ices_value_loss_T": [
    1321,
    11331,
    21371,
    31375,
    41403,
    51440
  ],
  "loss": [
    0.03436838462948799,
    0.005614913068711758,
    0.005365877877920866,
    0.005239435937255621,
    0.0035118507221341133,
    0.0029554557986557484
  ],
  "loss_T": [
    1321,
    11331,
    21371,
    31375,
    41403,
    51440
  ],
  "pred_obs_loss": [
    5.487157821655273,
    1.6101784706115723,
    1.5185527801513672,
    1.354651927947998,
    1.254217267036438
  ],
  "pred_obs_loss_T": [
    1321,
    11331,
    21371,
    31375,
    41403
  ],
  "pred_r_loss": [
    0.022236129269003868,
    0.0021762868855148554,
    0.0017789328703656793,
    0.002043647225946188,
    0.0019098833436146379
  ],
  "pred_r_loss_T": [
    1321,
    11331,
    21371,
    31375,
    41403
  ],
  "q_taken_mean": [
    -0.04024663285537708,
    -0.04523893100027695,
    -0.04363542026232464,
    -0.06417468626107743,
    -0.05916731718705845,
    -0.031181022380960398
  ],
  "q_taken_mean_T": [
    1321,
    11331,
    21371,
    31375,
    41403,
    51440
  ],
  "return_mean": [
    0.7634730538922154,
    0.7577794202390198,
    0.7633164633076943,
    0.8014076888240325,
    0.7568336131085112,
    0.7795690132340362
  ],
  "return_mean_T": [
    41,
    10059,
    20072,
    30078,
    40101,
    50206
  ],
  "return_std": [
    0.0,
    0.3046916236758926,
    0.32248278851551104,
    0.32062378232108457,
    0.33328804823421865,
    0.32676149159392615
  ],
  "return_std_T": [
    41,
    10059,
    20072,
    30078,
    40101,
    50206
  ],
  "role_loss": [
    0.26419806480407715,
    0.021279653534293175,
    0.018865229561924934,
    0.015187513083219528,
    0.012816651724278927,
    0.025648226961493492
  ],
  "role_loss_T": [
    1321,
    11331,
    21371,
    31375,
    41403,
    51440
  ],
  "role_q_taken_mean": [
    0.15262584617915548,
    0.11899534413512323,
    0.11817196053518376,
    0.13400481689018712,
    0.11478830152942289,
    0.06194670004922836
  ],
  "role_q_taken_mean_T": [
    1321,
    11331,
    21371,
    31375,
    41403,
    51440
  ],
  "target_mean": [
    -0.038498427270489334,
    -0.04234449900603772,
    -0.04821065039353794,
    -0.05917945975687967,
    -0.05788001927919826,
    -0.03200565206593481
  ],
  "target_mean_T": [
    1321,
    11331,
    21371,
    31375,
    41403,
    51440
  ],
  "td_error_abs": [
    0.13474023603833507,
    0.048072526077916206,
    0.06053811342835337,
    0.048652523667065066,
    0.0359073601545206,
    0.037340740335398706
  ],
  "td_error_abs_T": [
    1321,
    11331,
    21371,
    31375,
    41403,
    51440
  ],
  "test_battle_won_mean": [
    0.0,
    0.0,
    0.0,
    0.0,
    0.0,
    0.0
  ],
  "test_battle_won_mean_T": [
    41,
    10059,
    20072,
    30078,
    40101,
    50206
  ],
  "test_ep_length_mean": [
    41.6875,
    41.3125,
    41.25,
    41.34375,
    41.4375,
    99.46875
  ],
  "test_ep_length_mean_T": [
    41,
    10059,
    20072,
    30078,
    40101,
    50206
  ],
  "test_return_mean": [
    0.0,
    0.0,
    0.0,
    0.0,
    0.0,
    0.0
  ],
  "test_return_mean_T": [
    41,
    10059,
    20072,
    30078,
    40101,
    50206
  ],
  "test_return_std": [
    0.0,
    0.0,
    0.0,
    0.0,
    0.0,
    0.0
  ],
  "test_return_std_T": [
    41,
    10059,
    20072,
    30078,
    40101,
    50206
  ]
}