{
  "action_encoder_grad_norm": [
    1.083956241607666
  ],
  "action_encoder_grad_norm_T": [
    3102771
  ],
  "battle_won_mean": [
    0.0,
    0.0
  ],
  "battle_won_mean_T": [
    3101318,
    3111333
  ],
  "ep_length_mean": [
    47.0,
    48.853658536585364
  ],
  "ep_length_mean_T": [
    3101318,
    3111333
  ],
  "episode": [
    1,
    206
  ],
  "episode_T": [
    3101318,
    3111333
  ],
  "epsilon": [
    1.0,
    0.9809886
  ],
  "epsilon_T": [
    3101318,
    3111333
  ],
  "grad_norm": [
    338.5083923339844,
    2.9474189281463623
  ],
  "grad_norm_T": [
    3102771,
    3112775
  ],
  "loss": [
    58.62867736816406,
    0.08487876504659653
  ],
  "loss_T": [
    3102771,
    3112775
  ],
  "pred_obs_loss": [
    1.304487943649292
  ],
  "pred_obs_loss_T": [
    3102771
  ],
  "pred_r_loss": [
    0.007525559049099684
  ],
  "pred_r_loss_T": [
    3102771
  ],
  "q_taken_mean": [
    0.6035770670572916,
    0.29035958426339287
  ],
  "q_taken_mean_T": [
    3102771,
    3112775
  ],
  "return_mean": [
    2.434131736526946,
    3.850197166642325
  ],
  "return_mean_T": [
    3101318,
    3111333
  ],
  "return_std": [
    0.0,
    0.6150756934533761
  ],
  "return_std_T": [
    3101318,
    3111333
  ],
  "role_loss": [
    71.20454406738281,
    0.5666657090187073
  ],
  "role_loss_T": [
    3102771,
    3112775
  ],
  "role_q_taken_mean": [
    0.6073919442983774,
    0.25371444516065644
  ],
  "role_q_taken_mean_T": [
    3102771,
    3112775
  ],
  "target_mean": [
    -0.207325439453125,
    0.2817931160094246
  ],
  "target_mean_T": [
    3102771,
    3112775
  ],
  "td_error_abs": [
    6.509887369791667,
    0.22046937003968253
  ],
  "td_error_abs_T": [
    3102771,
    3112775
  ],
  "test_battle_won_mean": [
    1.0,
    0.03125
  ],
  "test_battle_won_mean_T": [
    3101318,
    3111333
  ],
  "test_ep_length_mean": [
    102.15625,
    139.03125
  ],
  "test_ep_length_mean_T": [
    3101318,
    3111333
  ],
  "test_return_mean": [
    20.12415793413173,
    12.032840568862262
  ],
  "test_return_mean_T": [
    3101318,
    3111333
  ],
  "test_return_std": [
    0.1144328267765594,
    3.362608733399592
  ],
  "test_return_std_T": [
    3101318,
    3111333
  ]
}