{
  "action_encoder_grad_norm": [
    3.0330913066864014,
    2.6076290607452393
  ],
  "action_encoder_grad_norm_T": [
    1018,
    11024
  ],
  "battle_won_mean": [
    0.0,
    0.0
  ],
  "battle_won_mean_T": [
    31,
    10045
  ],
  "ep_length_mean": [
    31.0,
    31.89171974522293
  ],
  "ep_length_mean_T": [
    31,
    10045
  ],
  "episode": [
    314
  ],
  "episode_T": [
    10013
  ],
  "epsilon": [
    0.0,
    0.0
  ],
  "epsilon_T": [
    31,
    10045
  ],
  "grad_norm": [
    4.147670269012451,
    1.602026343345642
  ],
  "grad_norm_T": [
    1018,
    11024
  ],
  "ices_alpha": [
    0.1,
    0.1
  ],
  "ices_alpha_T": [
    1018,
    11024
  ],
  "ices_entropy": [
    1.0576307773590088,
    1.0647028684616089
  ],
  "ices_entropy_T": [
    1018,
    11024
  ],
  "ices_explorer_loss": [
    0.24603672325611115,
    -0.1190076395869255
  ],
  "ices_explorer_loss_T": [
    1018,
    11024
  ],
  "ices_fraction_explore_actions": [
    0.10270683467388153,
    0.10251647979021072
  ],
  "ices_fraction_explore_actions_T": [
    1018,
    11024
  ],
  "ices_intrinsic_mean": [
    0.3141070306301117,
    0.0019265464507043362
  ],
  "ices_intrinsic_mean_T": [
    1018,
    11024
  ],
  "ices_intrinsic_std": [
    0.0313635915517807,
    0.0009863140294328332
  ],
  "ices_intrinsic_std_T": [
    1018,
    11024
  ],
  "ices_kl_mean": [
    0.1683904528617859,
    0.0010671153431758285
  ],
  "ices_kl_mean_T": [
    1018,
    11024
  ],
  "ices_scaffold_loss": [
    0.6044650077819824,
    0.07456503808498383
  ],
  "ices_scaffold_loss_T": [
    1018,
    11024
  ],
  "ices_value_loss": [
    0.07527923583984375,
    0.0001418969768565148
  ],
  "ices_value_loss_T": [
    1018,
    11024
  ],
  "loss": [
    0.027633510529994965,
    0.018358077853918076
  ],
  "loss_T": [
    1018,
    11024
  ],
  "pred_obs_loss": [
    5.863387584686279,
    2.041240692138672
  ],
  "pred_obs_loss_T": [
    1018,
    11024
  ],
  "pred_r_loss": [
    0.012365498580038548,
    0.0006100104073993862
  ],
  "pred_r_loss_T": [
    1018,
    11024
  ],
  "q_taken_mean": [
    0.015136153609664351,
    0.014340409899475126
  ],
  "q_taken_mean_T": [
    1018,
    11024
  ],
  "return_mean": [
    0.2594594594594595,
    0.33940437252539163
  ],
  "return_mean_T": [
    31,
    10045
  ],
  "return_std": [
    0.0,
    0.14025293591645666
  ],
  "return_std_T": [
    31,
    10045
  ],
  "role_loss": [
    0.04301561415195465,
    0.0028504871297627687
  ],
  "role_loss_T": [
    1018,
    11024
  ],
  "role_q_taken_mean": [
    -0.004966372078700103,
    -0.0017463830183652113
  ],
  "role_q_taken_mean_T": [
    1018,
    11024
  ],
  "target_mean": [
    0.015519272124828891,
    0.018558327292722217
  ],
  "target_mean_T": [
    1018,
    11024
  ],
  "td_error_abs": [
    0.12909848376201039,
    0.11621108753725726
  ],
  "td_error_abs_T": [
    1018,
    11024
  ],
  "test_battle_won_mean": [
    0.0,
    0.0
  ],
  "test_battle_won_mean_T": [
    31,
    10045
  ],
  "test_ep_length_mean": [
    28.78125,
    28.90625
  ],
  "test_ep_length_mean_T": [
    31,
    10045
  ],
  "test_return_mean": [
    0.0,
    0.0
  ],
  "test_return_mean_T": [
    31,
    10045
  ],
  "test_return_std": [
    0.0,
    0.0
  ],
  "test_return_std_T": [
    31,
    10045
  ]
}