{
  "action_encoder_grad_norm": [
    1.8420448303222656
  ],
  "action_encoder_grad_norm_T": [
    1401538
  ],
  "battle_won_mean": [
    0.0,
    0.0,
    0.0,
    0.0,
    0.0,
    0.0,
    0.0,
    0.0,
    0.0,
    0.0,
    0.0,
    0.0,
    0.0,
    0.0,
    0.0,
    0.0,
    0.0,
    0.0,
    0.0,
    0.0,
    0.0,
    0.0,
    0.0,
    0.0,
    0.0,
    0.0,
    0.0,
    0.0,
    0.0
  ],
  "battle_won_mean_T": [
    1400412,
    1410443,
    1420475,
    1430489,
    1440518,
    1450535,
    1460552,
    1470555,
    1480564,
    1490571,
    1500595,
    1510609,
    1520625,
    1530651,
    1540682,
    1550691,
    1560700,
    1570729,
    1580744,
    1590753,
    1600776,
    1610798,
    1620819,
    1630840,
    1640850,
    1650862,
    1660866,
    1670883,
    1680911
  ],
  "ep_length_mean": [
    37.0,
    36.08273381294964,
    36.21660649819495,
    36.02158273381295,
    35.69039145907473,
    36.03237410071942,
    35.775,
    34.853658536585364,
    34.51379310344828,
    33.35666666666667,
    32.33548387096774,
    31.99361022364217,
    31.696202531645568,
    30.754601226993866,
    31.152173913043477,
    29.788690476190474,
    29.01159420289855,
    29.759643916913948,
    30.440729483282674,
    30.422492401215806,
    30.008982035928145,
    28.310734463276837,
    27.230978260869566,
    26.65159574468085,
    26.83646112600536,
    29.189504373177844,
    31.165109034267914,
    34.07142857142857,
    33.651006711409394
  ],
  "ep_length_mean_T": [
    1400412,
    1410443,
    1420475,
    1430489,
    1440518,
    1450535,
    1460552,
    1470555,
    1480564,
    1490571,
    1500595,
    1510609,
    1520625,
    1530651,
    1540682,
    1550691,
    1560700,
    1570729,
    1580744,
    1590753,
    1600776,
    1610798,
    1620819,
    1630840,
    1640850,
    1650862,
    1660866,
    1670883,
    1680911
  ],
  "episode": [
    1,
    279,
    556,
    834,
    1115,
    1393,
    1673,
    1960,
    2250,
    2550,
    2860,
    3173,
    3489,
    3815,
    4137,
    4473,
    4818,
    5155,
    5484,
    5813,
    6147,
    6501,
    6869,
    7245,
    7618,
    7961,
    8282,
    8576,
    8874
  ],
  "episode_T": [
    1400412,
    1410443,
    1420475,
    1430489,
    1440518,
    1450535,
    1460552,
    1470555,
    1480564,
    1490571,
    1500595,
    1510609,
    1520625,
    1530651,
    1540682,
    1550691,
    1560700,
    1570729,
    1580744,
    1590753,
    1600776,
    1610798,
    1620819,
    1630840,
    1640850,
    1650862,
    1660866,
    1670883,
    1680911
  ],
  "epsilon": [
    1.0,
    0.980943,
    0.9618974,
    0.9428461,
    0.9238005,
    0.904772,
    0.8857226,
    0.8667302,
    0.8476998,
    0.8286903,
    0.8096371,
    0.7906105,
    0.7716105,
    0.7525307,
    0.7335611,
    0.7144547000000001,
    0.6954357,
    0.6763920000000001,
    0.657354,
    0.6383350000000001,
    0.6192951,
    0.6002457000000001,
    0.5812058,
    0.5621640000000001,
    0.5431469,
    0.5241355000000001,
    0.5051336000000001,
    0.48609560000000007,
    0.4670405000000001
  ],
  "epsilon_T": [
    1400412,
    1410443,
    1420475,
    1430489,
    1440518,
    1450535,
    1460552,
    1470555,
    1480564,
    1490571,
    1500595,
    1510609,
    1520625,
    1530651,
    1540682,
    1550691,
    1560700,
    1570729,
    1580744,
    1590753,
    1600776,
    1610798,
    1620819,
    1630840,
    1640850,
    1650862,
    1660866,
    1670883,
    1680911
  ],
  "grad_norm": [
    184.89161682128906,
    288.4633483886719,
    432.3861083984375,
    0.8348875045776367,
    1.8503618240356445,
    2.257157802581787,
    1.2443732023239136,
    1.0706708431243896,
    1.981075406074524,
    3.646141290664673,
    330.2853088378906,
    1.075162410736084,
    2.318294048309326,
    1.3069398403167725,
    4.213989734649658,
    4.352535247802734,
    2.887392282485962,
    2.0200560092926025,
    3.353264570236206,
    5.23681640625,
    2.1171436309814453,
    2.342902898788452,
    4.7333245277404785,
    1.7405970096588135,
    2.4826366901397705,
    6.492342472076416,
    5.2947916984558105,
    2.683535099029541,
    1.6104973554611206
  ],
  "grad_norm_T": [
    1401538,
    1411556,
    1421567,
    1431583,
    1441590,
    1451601,
    1461607,
    1471628,
    1481633,
    1491653,
    1501656,
    1511685,
    1521695,
    1531727,
    1541727,
    1551733,
    1561758,
    1571766,
    1581781,
    1591810,
    1601819,
    1611836,
    1621843,
    1631866,
    1641890,
    1651915,
    1661917,
    1671919,
    1681935
  ],
  "loss": [
    39.295372009277344,
    0.024164745584130287,
    0.012101205065846443,
    0.011258253827691078,
    0.0134847741574049,
    0.01048273779451847,
    0.01022831816226244,
    0.01472083292901516,
    0.015537068247795105,
    0.035337112843990326,
    0.024739237502217293,
    0.023287862539291382,
    0.022819697856903076,
    0.02931004948914051,
    0.03585388883948326,
    0.036581650376319885,
    0.03219390660524368,
    0.026009175926446915,
    0.033498525619506836,
    0.06571516394615173,
    0.03092341125011444,
    0.04753220081329346,
    0.0791621282696724,
    0.07949782907962799,
    0.05982794612646103,
    0.07738055288791656,
    0.05396339297294617,
    0.045103441923856735,
    0.05190575122833252
  ],
  "loss_T": [
    1401538,
    1411556,
    1421567,
    1431583,
    1441590,
    1451601,
    1461607,
    1471628,
    1481633,
    1491653,
    1501656,
    1511685,
    1521695,
    1531727,
    1541727,
    1551733,
    1561758,
    1571766,
    1581781,
    1591810,
    1601819,
    1611836,
    1621843,
    1631866,
    1641890,
    1651915,
    1661917,
    1671919,
    1681935
  ],
  "pred_obs_loss": [
    1.502102255821228
  ],
  "pred_obs_loss_T": [
    1401538
  ],
  "pred_r_loss": [
    0.0010235129157081246
  ],
  "pred_r_loss_T": [
    1401538
  ],
  "q_taken_mean": [
    0.14035297069559888,
    0.12244462409368305,
    0.12474529455223049,
    0.13404375789141415,
    0.1267813622772093,
    0.12295588549023069,
    0.12264741778799776,
    0.12956221711739688,
    0.13590759623853152,
    0.14891336476811043,
    0.14768776226829744,
    0.1552480631370227,
    0.16299693066200985,
    0.17104158822791166,
    0.17654095865085218,
    0.1783541815441491,
    0.18680883942025536,
    0.18541200761142498,
    0.18721983483833274,
    0.17885088103582555,
    0.1902674993773441,
    0.19942390223516251,
    0.21691868741376708,
    0.23789637548553988,
    0.23566825760695131,
    0.222755533663603,
    0.22046458195546736,
    0.23483307345250343,
    0.24055177091720342
  ],
  "q_taken_mean_T": [
    1401538,
    1411556,
    1421567,
    1431583,
    1441590,
    1451601,
    1461607,
    1471628,
    1481633,
    1491653,
    1501656,
    1511685,
    1521695,
    1531727,
    1541727,
    1551733,
    1561758,
    1571766,
    1581781,
    1591810,
    1601819,
    1611836,
    1621843,
    1631866,
    1641890,
    1651915,
    1661917,
    1671919,
    1681935
  ],
  "return_mean": [
    2.0108108108108107,
    1.9697452848531987,
    1.9864181871402091,
    2.0182772700758314,
    2.06197941713956,
    2.0805755395683456,
    2.1150965250965252,
    2.1539127978152366,
    2.3172786579683136,
    2.43963963963964,
    2.663679163034002,
    2.858682324497021,
    2.9805336982552175,
    3.095672359476041,
    3.1098539533322147,
    3.3964285714285722,
    3.6326204465334904,
    3.5652899189991176,
    3.7147786083956302,
    3.705512199129221,
    3.7918433403463347,
    4.302824858757063,
    4.915569917743831,
    5.346147211040829,
    5.305557568292154,
    5.0909463399259325,
    4.646190115348994,
    4.420261077403935,
    4.86493742064212
  ],