{
  "action_encoder_grad_norm": [
    5.766443252563477,
    2.169827461242676,
    1.464889407157898,
    1.3504700660705566,
    2.2891666889190674
  ],
  "action_encoder_grad_norm_T": [
    762,
    10775,
    20797,
    30811,
    40825
  ],
  "battle_won_mean": [
    0.0,
    0.0,
    0.0,
    0.0,
    0.0,
    0.0
  ],
  "battle_won_mean_T": [
    24,
    10024,
    20040,
    30053,
    40062,
    50075
  ],
  "ep_length_mean": [
    24.0,
    23.094688221709006,
    22.815489749430522,
    22.25111111111111,
    21.94956140350877,
    21.213983050847457
  ],
  "ep_length_mean_T": [
    24,
    10024,
    20040,
    30053,
    40062,
    50075
  ],
  "episode": [
    434,
    873,
    1323,
    1779,
    2251
  ],
  "episode_T": [
    10024,
    20040,
    30053,
    40062,
    50075
  ],
  "epsilon": [
    1.0,
    0.810038,
    0.619696,
    0.4294110000000001,
    0.23924000000000012,
    0.9999164
  ],
  "epsilon_T": [
    24,
    10024,
    20040,
    30053,
    40062,
    50075
  ],
  "grad_norm": [
    23.270090103149414,
    0.8542561531066895,
    2.1465470790863037,
    1.9969004392623901,
    2.9233357906341553,
    0.35559824109077454
  ],
  "grad_norm_T": [
    762,
    10775,
    20797,
    30811,
    40825,
    50847
  ],
  "loss": [
    0.1396627426147461,
    0.020334944128990173,
    0.019376471638679504,
    0.030950233340263367,
    0.026710867881774902,
    0.027030184864997864
  ],
  "loss_T": [
    762,
    10775,
    20797,
    30811,
    40825,
    50847
  ],
  "pred_obs_loss": [
    3.184030532836914,
    1.0949547290802002,
    1.015974521636963,
    0.9145634174346924,
    0.924595832824707
  ],
  "pred_obs_loss_T": [
    762,
    10775,
    20797,
    30811,
    40825
  ],
  "pred_r_loss": [
    0.07975219935178757,
    0.014982368797063828,
    0.013427715748548508,
    0.01374739222228527,
    0.013501257635653019
  ],
  "pred_r_loss_T": [
    762,
    10775,
    20797,
    30811,
    40825
  ],
  "q_taken_mean": [
    0.002979528872672654,
    0.10530487696329753,
    0.15939783483118444,
    0.23786096331716955,
    0.25286654186116875,
    0.17645081198597135
  ],
  "q_taken_mean_T": [
    762,
    10775,
    20797,
    30811,
    40825,
    50847
  ],
  "return_mean": [
    6.45945945945946,
    4.961476343549092,
    4.239129932894171,
    3.250416666666667,
    2.2459659495021347,
    1.0185775022904262
  ],
  "return_mean_T": [
    24,
    10024,
    20040,
    30053,
    40062,
    50075
  ],
  "return_std": [
    0.0,
    0.6140744729458547,
    0.5885450553325944,
    0.5846387530066112,
    0.5883387048952949,
    0.58956320860737
  ],
  "return_std_T": [
    24,
    10024,
    20040,
    30053,
    40062,
    50075
  ],
  "role_loss": [
    1.3569363355636597,
    0.07071013748645782,
    0.06028520315885544,
    0.10652884840965271,
    0.17196834087371826,
    0.1285848617553711
  ],
  "role_loss_T": [
    762,
    10775,
    20797,
    30811,
    40825,
    50847
  ],
  "role_q_taken_mean": [
    0.027178194464706793,
    0.3734631856282552,
    0.3836183325247147,
    0.360305625175122,
    0.2964620019635584,
    0.14495794535189424
  ],
  "role_q_taken_mean_T": [
    762,
    10775,
    20797,
    30811,
    40825,
    50847
  ],
  "target_mean": [
    0.037495907627482845,
    0.11002753437429234,
    0.15545519137438082,
    0.22359273976293104,
    0.2532090872539909,
    0.1791819915484125
  ],
  "target_mean_T": [
    762,
    10775,
    20797,
    30811,
    40825,
    50847
  ],
  "td_error_abs": [
    0.30756722597938196,
    0.11012767708819846,
    0.10849328741327033,
    0.13969442433324353,
    0.12658267199251166,
    0.12405334084720934
  ],
  "td_error_abs_T": [
    762,
    10775,
    20797,
    30811,
    40825,
    50847
  ],
  "test_battle_won_mean": [
    0.0,
    0.0,
    0.0,
    0.0,
    0.0,
    0.0
  ],
  "test_battle_won_mean_T": [
    24,
    10024,
    20040,
    30053,
    40062,
    50075
  ],
  "test_ep_length_mean": [
    20.71875,
    20.84375,
    20.4375,
    20.8125,
    20.40625,
    25.65625
  ],
  "test_ep_length_mean_T": [
    24,
    10024,
    20040,
    30053,
    40062,
    50075
  ],
  "test_return_mean": [
    0.0,
    0.0,
    0.0,
    0.0,
    0.0,
    3.2698479729729737
  ],
  "test_return_mean_T": [
    24,
    10024,
    20040,
    30053,
    40062,
    50075
  ],
  "test_return_std": [
    0.0,
    0.0,
    0.0,
    0.0,
    0.0,
    0.3879620700920085
  ],
  "test_return_std_T": [
    24,
    10024,
    20040,
    30053,
    40062,
    50075
  ]
}