{
  "action_encoder_grad_norm": [
    1.0989127159118652,
    1.762290358543396,
    1.6529585123062134,
    1.3551486730575562
  ],
  "action_encoder_grad_norm_T": [
    1239,
    11267,
    21269,
    31288
  ],
  "battle_won_mean": [
    0.0,
    0.0,
    0.0,
    0.0,
    0.0
  ],
  "battle_won_mean_T": [
    36,
    10061,
    20114,
    30117,
    40123
  ],
  "ep_length_mean": [
    36.0,
    38.26335877862596,
    38.22433460076046,
    37.185873605947954,
    34.86411149825784
  ],
  "ep_length_mean_T": [
    36,
    10061,
    20114,
    30117,
    40123
  ],
  "episode": [
    262,
    525,
    794,
    1081
  ],
  "episode_T": [
    10028,
    20055,
    30082,
    40091
  ],
  "epsilon": [
    1.0,
    0.8094680000000001,
    0.618955,
    0.4284420000000001,
    0.23827100000000012
  ],
  "epsilon_T": [
    36,
    10061,
    20114,
    30117,
    40123
  ],
  "grad_norm": [
    7.524331569671631,
    0.6822016835212708,
    0.4752296209335327,
    0.9182713627815247
  ],
  "grad_norm_T": [
    1239,
    11267,
    21269,
    31288
  ],
  "loss": [
    0.17030471563339233,
    0.03807605057954788,
    0.026044581085443497,
    0.015385245904326439
  ],
  "loss_T": [
    1239,
    11267,
    21269,
    31288
  ],
  "pred_obs_loss": [
    3.7404847145080566,
    1.0737345218658447,
    1.3633878231048584,
    1.2893028259277344
  ],
  "pred_obs_loss_T": [
    1239,
    11267,
    21269,
    31288
  ],
  "pred_r_loss": [
    0.0026537387166172266,
    0.000983032863587141,
    0.0011888704029843211,
    0.001398476422764361
  ],
  "pred_r_loss_T": [
    1239,
    11267,
    21269,
    31288
  ],
  "q_taken_mean": [
    0.19570513487439467,
    0.2004564702116101,
    0.20565381436734587,
    0.1955779599471831
  ],
  "q_taken_mean_T": [
    1239,
    11267,
    21269,
    31288
  ],
  "return_mean": [
    1.8962331431535262,
    1.684126589175984,
    1.4753718835294953,
    1.3006625031091408,
    0.9582678969017017
  ],
  "return_mean_T": [
    36,
    10061,
    20114,
    30117,
    40123
  ],
  "return_std": [
    0.0,
    0.36992098060384054,
    0.41608274828527037,
    0.4062467385705991,
    0.37524407126647086
  ],
  "return_std_T": [
    36,
    10061,
    20114,
    30117,
    40123
  ],
  "role_loss": [
    0.16798532009124756,
    0.01513289101421833,
    0.013372249901294708,
    0.020176688209176064
  ],
  "role_loss_T": [
    1239,
    11267,
    21269,
    31288
  ],
  "role_q_taken_mean": [
    -0.06255362124843451,
    0.005732395305707761,
    0.02819154291038969,
    0.06487364451090495
  ],
  "role_q_taken_mean_T": [
    1239,
    11267,
    21269,
    31288
  ],
  "target_mean": [
    0.19711050998789345,
    0.20391873997568294,
    0.20802300942910684,
    0.20112392801634024
  ],
  "target_mean_T": [
    1239,
    11267,
    21269,
    31288
  ],
  "td_error_abs": [
    0.2789080037139326,
    0.11595330648864342,
    0.09627659256393845,
    0.09206015627149125
  ],
  "td_error_abs_T": [
    1239,
    11267,
    21269,
    31288
  ],
  "test_battle_won_mean": [
    0.0,
    0.0,
    0.0,
    0.0,
    0.0
  ],
  "test_battle_won_mean_T": [
    36,
    10061,
    20114,
    30117,
    40123
  ],
  "test_ep_length_mean": [
    31.28125,
    31.28125,
    31.4375,
    31.34375,
    31.3125
  ],
  "test_ep_length_mean_T": [
    36,
    10061,
    20114,
    30117,
    40123
  ],
  "test_return_mean": [
    0.0,
    0.0,
    0.0,
    0.0,
    0.0
  ],
  "test_return_mean_T": [
    36,
    10061,
    20114,
    30117,
    40123
  ],
  "test_return_std": [
    0.0,
    0.0,
    0.0,
    0.0,
    0.0
  ],
  "test_return_std_T": [
    36,
    10061,
    20114,
    30117,
    40123
  ]
}