{
  "action_encoder_grad_norm": [
    5.766443252563477,
    2.169827461242676,
    1.464889407157898,
    1.3504700660705566
  ],
  "action_encoder_grad_norm_T": [
    762,
    10775,
    20797,
    30811
  ],
  "battle_won_mean": [
    0.0,
    0.0,
    0.0,
    0.0
  ],
  "battle_won_mean_T": [
    24,
    10024,
    20040,
    30053
  ],
  "ep_length_mean": [
    24.0,
    23.094688221709006,
    22.815489749430522,
    22.25111111111111
  ],
  "ep_length_mean_T": [
    24,
    10024,
    20040,
    30053
  ],
  "episode": [
    434,
    873,
    1323
  ],
  "episode_T": [
    10024,
    20040,
    30053
  ],
  "epsilon": [
    1.0,
    0.810038,
    0.619696,
    0.4294110000000001
  ],
  "epsilon_T": [
    24,
    10024,
    20040,
    30053
  ],
  "grad_norm": [
    23.270090103149414,
    0.8542561531066895,
    2.1465470790863037,
    1.9969004392623901
  ],
  "grad_norm_T": [
    762,
    10775,
    20797,
    30811
  ],
  "loss": [
    0.1396627426147461,
    0.020334944128990173,
    0.019376471638679504,
    0.030950233340263367
  ],
  "loss_T": [
    762,
    10775,
    20797,
    30811
  ],
  "pred_obs_loss": [
    3.184030532836914,
    1.0949547290802002,
    1.015974521636963,
    0.9145634174346924
  ],
  "pred_obs_loss_T": [
    762,
    10775,
    20797,
    30811
  ],
  "pred_r_loss": [
    0.07975219935178757,
    0.014982368797063828,
    0.013427715748548508,
    0.01374739222228527
  ],
  "pred_r_loss_T": [
    762,
    10775,
    20797,
    30811
  ],
  "q_taken_mean": [
    0.002979528872672654,
    0.10530487696329753,
    0.15939783483118444,
    0.23786096331716955
  ],
  "q_taken_mean_T": [
    762,
    10775,
    20797,
    30811
  ],
  "return_mean": [
    6.45945945945946,
    4.961476343549092,
    4.239129932894171,
    3.250416666666667
  ],
  "return_mean_T": [
    24,
    10024,
    20040,
    30053
  ],
  "return_std": [
    0.0,
    0.6140744729458547,
    0.5885450553325944,
    0.5846387530066112
  ],
  "return_std_T": [
    24,
    10024,
    20040,
    30053
  ],
  "role_loss": [
    1.3569363355636597,
    0.07071013748645782,
    0.06028520315885544,
    0.10652884840965271
  ],
  "role_loss_T": [
    762,
    10775,
    20797,
    30811
  ],
  "role_q_taken_mean": [
    0.027178194464706793,
    0.3734631856282552,
    0.3836183325247147,
    0.360305625175122
  ],
  "role_q_taken_mean_T": [
    762,
    10775,
    20797,
    30811
  ],
  "target_mean": [
    0.037495907627482845,
    0.11002753437429234,
    0.15545519137438082,
    0.22359273976293104
  ],
  "target_mean_T": [
    762,
    10775,
    20797,
    30811
  ],
  "td_error_abs": [
    0.30756722597938196,
    0.11012767708819846,
    0.10849328741327033,
    0.13969442433324353
  ],
  "td_error_abs_T": [
    762,
    10775,
    20797,
    30811
  ],
  "test_battle_won_mean": [
    0.0,
    0.0,
    0.0,
    0.0
  ],
  "test_battle_won_mean_T": [
    24,
    10024,
    20040,
    30053
  ],
  "test_ep_length_mean": [
    20.71875,
    20.84375,
    20.4375,
    20.8125
  ],
  "test_ep_length_mean_T": [
    24,
    10024,
    20040,
    30053
  ],
  "test_return_mean": [
    0.0,
    0.0,
    0.0,
    0.0
  ],
  "test_return_mean_T": [
    24,
    10024,
    20040,
    30053
  ],
  "test_return_std": [
    0.0,
    0.0,
    0.0,
    0.0
  ],
  "test_return_std_T": [
    24,
    10024,
    20040,
    30053
  ]
}