{
  "action_encoder_grad_norm": [
    3.5852038860321045,
    1.8562853336334229
  ],
  "action_encoder_grad_norm_T": [
    1056,
    11074
  ],
  "battle_won_mean": [
    0.0,
    0.0
  ],
  "battle_won_mean_T": [
    33,
    10060
  ],
  "ep_length_mean": [
    33.0,
    33.09240924092409
  ],
  "ep_length_mean_T": [
    33,
    10060
  ],
  "episode": [
    303
  ],
  "episode_T": [
    10028
  ],
  "epsilon": [
    0.0,
    0.0
  ],
  "epsilon_T": [
    33,
    10060
  ],
  "grad_norm": [
    2.1617431640625,
    0.8907420039176941
  ],
  "grad_norm_T": [
    1056,
    11074
  ],
  "ices_alpha": [
    0.1,
    0.1
  ],
  "ices_alpha_T": [
    1056,
    11074
  ],
  "ices_entropy": [
    1.2171428203582764,
    1.1608425378799438
  ],
  "ices_entropy_T": [
    1056,
    11074
  ],
  "ices_explorer_loss": [
    0.5326932072639465,
    -0.11662562191486359
  ],
  "ices_explorer_loss_T": [
    1056,
    11074
  ],
  "ices_fraction_explore_actions": [
    0.10132575780153275,
    0.09619047492742538
  ],
  "ices_fraction_explore_actions_T": [
    1056,
    11074
  ],
  "ices_intrinsic_mean": [
    0.40750426054000854,
    0.002007226925343275
  ],
  "ices_intrinsic_mean_T": [
    1056,
    11074
  ],
  "ices_intrinsic_std": [
    0.03311751410365105,
    0.0012771600158885121
  ],
  "ices_intrinsic_std_T": [
    1056,
    11074
  ],
  "ices_kl_mean": [
    0.19492663443088531,
    0.001185127068310976
  ],
  "ices_kl_mean_T": [
    1056,
    11074
  ],
  "ices_scaffold_loss": [
    0.860315203666687,
    0.09866324067115784
  ],
  "ices_scaffold_loss_T": [
    1056,
    11074
  ],
  "ices_value_loss": [
    0.1581849604845047,
    1.957704171218211e-06
  ],
  "ices_value_loss_T": [
    1056,
    11074
  ],
  "loss": [
    0.025773992761969566,
    0.012676610611379147
  ],
  "loss_T": [
    1056,
    11074
  ],
  "pred_obs_loss": [
    5.007411003112793,
    1.578078031539917
  ],
  "pred_obs_loss_T": [
    1056,
    11074
  ],
  "pred_r_loss": [
    0.02017631195485592,
    0.0009688129066489637
  ],
  "pred_r_loss_T": [
    1056,
    11074
  ],
  "q_taken_mean": [
    -0.12261306300307766,
    -0.11127476283482143
  ],
  "q_taken_mean_T": [
    1056,
    11074
  ],
  "return_mean": [
    0.3050602956431535,
    0.43312601690991204
  ],
  "return_mean_T": [
    33,
    10060
  ],
  "return_std": [
    0.0,
    0.31287903288019353
  ],
  "return_std_T": [
    33,
    10060
  ],
  "role_loss": [
    0.05443546548485756,
    0.01213359646499157
  ],
  "role_loss_T": [
    1056,
    11074
  ],
  "role_q_taken_mean": [
    0.03267660183376736,
    0.02581620005379736
  ],
  "role_q_taken_mean_T": [
    1056,
    11074
  ],
  "target_mean": [
    -0.11640179951985677,
    -0.11941757347470239
  ],
  "target_mean_T": [
    1056,
    11074
  ],
  "td_error_abs": [
    0.10311730702718098,
    0.09949445452008929
  ],
  "td_error_abs_T": [
    1056,
    11074
  ],
  "test_battle_won_mean": [
    0.0,
    0.0
  ],
  "test_battle_won_mean_T": [
    33,
    10060
  ],
  "test_ep_length_mean": [
    31.625,
    31.4375
  ],
  "test_ep_length_mean_T": [
    33,
    10060
  ],
  "test_return_mean": [
    0.0,
    0.0
  ],
  "test_return_mean_T": [
    33,
    10060
  ],
  "test_return_std": [
    0.0,
    0.0
  ],
  "test_return_std_T": [
    33,
    10060
  ]
}