{
  "action_encoder_grad_norm": [
    2.7698276042938232,
    1.5027477741241455,
    1.5998525619506836,
    1.6708861589431763
  ],
  "action_encoder_grad_norm_T": [
    693,
    10696,
    20697,
    30698
  ],
  "battle_won_mean": [
    0.0,
    0.0,
    0.0,
    0.0
  ],
  "battle_won_mean_T": [
    21,
    10028,
    20033,
    30044
  ],
  "ep_length_mean": [
    21.0,
    21.613390928725703,
    21.609071274298056,
    21.529032258064515
  ],
  "ep_length_mean_T": [
    21,
    10028,
    20033,
    30044
  ],
  "episode": [
    463,
    926,
    1391
  ],
  "episode_T": [
    10006,
    20012,
    30023
  ],
  "epsilon": [
    0.0,
    0.0,
    0.0,
    0.0
  ],
  "epsilon_T": [
    21,
    10028,
    20033,
    30044
  ],
  "grad_norm": [
    0.6879803538322449,
    0.11864373832941055,
    0.1477017104625702,
    0.05932999402284622
  ],
  "grad_norm_T": [
    693,
    10696,
    20697,
    30698
  ],
  "ices_alpha": [
    0.09993070000000001,
    0.0989304,
    0.09793030000000001,
    0.09693020000000001
  ],
  "ices_alpha_T": [
    693,
    10696,
    20697,
    30698
  ],
  "ices_entropy": [
    1.2351783514022827,
    1.284887433052063,
    1.307298183441162,
    1.3724780082702637
  ],
  "ices_entropy_T": [
    693,
    10696,
    20697,
    30698
  ],
  "ices_explorer_loss": [
    0.8636940121650696,
    -0.6414483785629272,
    -0.6491759419441223,
    -0.6793376207351685
  ],
  "ices_explorer_loss_T": [
    693,
    10696,
    20697,
    30698
  ],
  "ices_fraction_explore_actions": [
    0.101875901222229,
    0.09756097197532654,
    0.10071942210197449,
    0.09459853917360306
  ],
  "ices_fraction_explore_actions_T": [
    693,
    10696,
    20697,
    30698
  ],
  "ices_intrinsic_mean": [
    0.6931048631668091,
    0.001494116266258061,
    0.0004205963050480932,
    0.00018410003394819796
  ],
  "ices_intrinsic_mean_T": [
    693,
    10696,
    20697,
    30698
  ],
  "ices_intrinsic_std": [
    0.06524848192930222,
    0.0013691365020349622,
    0.0004720459401141852,
    0.00021834745712112635
  ],
  "ices_intrinsic_std_T": [
    693,
    10696,
    20697,
    30698
  ],
  "ices_kl_mean": [
    0.3374815881252289,
    0.0007814919808879495,
    0.0002224709460278973,
    9.953961125575006e-05
  ],
  "ices_kl_mean_T": [
    693,
    10696,
    20697,
    30698
  ],
  "ices_scaffold_loss": [
    1.1016144752502441,
    0.08377068489789963,
    0.07327547669410706,
    0.06818234920501709
  ],
  "ices_scaffold_loss_T": [
    693,
    10696,
    20697,
    30698
  ],
  "ices_value_loss": [
    0.5487098693847656,
    2.53074199463299e-06,
    1.1846371307910886e-05,
    2.536293504817877e-05
  ],
  "ices_value_loss_T": [
    693,
    10696,
    20697,
    30698
  ],
  "loss": [
    0.020106900483369827,
    0.0019133769674226642,
    0.0034309455659240484,
    0.0024701496586203575
  ],
  "loss_T": [
    693,
    10696,
    20697,
    30698
  ],
  "pred_obs_loss": [
    3.0304453372955322,
    0.7775887846946716,
    0.6752691268920898,
    0.6829233169555664
  ],
  "pred_obs_loss_T": [
    693,
    10696,
    20697,
    30698
  ],
  "pred_r_loss": [
    0.012204962782561779,
    0.0004475719470065087,
    0.0004264673625584692,
    0.0002906379522755742
  ],
  "pred_r_loss_T": [
    693,
    10696,
    20697,
    30698
  ],
  "q_taken_mean": [
    -0.11287736989030935,
    -0.09599730219355272,
    -0.07486478297830486,
    -0.04031937425153969
  ],
  "q_taken_mean_T": [
    693,
    10696,
    20697,
    30698
  ],
  "return_mean": [
    0.0,
    0.20685439504462283,
    0.190716818126248,
    0.19817407181984178
  ],
  "return_mean_T": [
    21,
    10028,
    20033,
    30044
  ],
  "return_std": [
    0.0,
    0.20687809311596456,
    0.20061402082734853,
    0.1960856065036655
  ],
  "return_std_T": [
    21,
    10028,
    20033,
    30044
  ],
  "role_loss": [
    0.02129160240292549,
    0.007198084145784378,
    0.009280300699174404,
    0.009016400203108788
  ],
  "role_loss_T": [
    693,
    10696,
    20697,
    30698
  ],
  "role_q_taken_mean": [
    0.04387564689490446,
    0.020714928693832107,
    0.023130708439334943,
    0.02611327878890499
  ],
  "role_q_taken_mean_T": [
    693,
    10696,
    20697,
    30698
  ],
  "target_mean": [
    -0.10551139534293831,
    -0.09828775808151004,
    -0.0797971525123651,
    -0.040691653063697535
  ],
  "target_mean_T": [
    693,
    10696,
    20697,
    30698
  ],
  "td_error_abs": [
    0.1011228354978355,
    0.02835029098532634,
    0.04490319670533105,
    0.02594553536742273
  ],
  "td_error_abs_T": [
    693,
    10696,
    20697,
    30698
  ],
  "test_battle_won_mean": [
    0.0,
    0.0,
    0.0,
    0.0
  ],
  "test_battle_won_mean_T": [
    21,
    10028,
    20033,
    30044
  ],
  "test_ep_length_mean": [
    20.90625,
    20.8125,
    20.875,
    20.875
  ],
  "test_ep_length_mean_T": [
    21,
    10028,
    20033,
    30044
  ],
  "test_return_mean": [
    0.0,
    0.0,
    0.0,
    0.0
  ],
  "test_return_mean_T": [
    21,
    10028,
    20033,
    30044
  ],
  "test_return_std": [
    0.0,
    0.0,
    0.0,
    0.0
  ],
  "test_return_std_T": [
    21,
    10028,
    20033,
    30044
  ]
}