{
  "action_encoder_grad_norm": [
    6.83024263381958,
    2.21905517578125,
    1.8296266794204712,
    2.4579384326934814,
    1.4014521837234497
  ],
  "action_encoder_grad_norm_T": [
    761,
    10764,
    20783,
    30791,
    40795
  ],
  "battle_won_mean": [
    0.0,
    0.0,
    0.0,
    0.0,
    0.0
  ],
  "battle_won_mean_T": [
    25,
    10035,
    20039,
    30041,
    40053
  ],
  "ep_length_mean": [
    25.0,
    23.27906976744186,
    22.840182648401825,
    22.226666666666667,
    21.860262008733624
  ],
  "ep_length_mean_T": [
    25,
    10035,
    20039,
    30041,
    40053
  ],
  "episode": [
    430,
    868,
    1318,
    1776
  ],
  "episode_T": [
    10012,
    20017,
    30020,
    40031
  ],
  "epsilon": [
    1.0,
    0.809772,
    0.619677,
    0.4296200000000001,
    0.23941100000000004
  ],
  "epsilon_T": [
    25,
    10035,
    20039,
    30041,
    40053
  ],
  "grad_norm": [
    24.41123390197754,
    1.5434478521347046,
    0.8752502799034119,
    0.7672527432441711,
    3.59960675239563
  ],
  "grad_norm_T": [
    761,
    10764,
    20783,
    30791,
    40795
  ],
  "loss": [
    0.15222764015197754,
    0.016747981309890747,
    0.02201244980096817,
    0.022147640585899353,
    0.09280388057231903
  ],
  "loss_T": [
    761,
    10764,
    20783,
    30791,
    40795
  ],
  "pred_obs_loss": [
    3.6610348224639893,
    1.0520375967025757,
    0.9802660346031189,
    0.8964736461639404,
    0.8551610112190247
  ],
  "pred_obs_loss_T": [
    761,
    10764,
    20783,
    30791,
    40795
  ],
  "pred_r_loss": [
    0.10159387439489365,
    0.0154393520206213,
    0.014760344289243221,
    0.012557841837406158,
    0.01142987422645092
  ],
  "pred_r_loss_T": [
    761,
    10764,
    20783,
    30791,
    40795
  ],
  "q_taken_mean": [
    -0.0009698070980611727,
    0.10532772304775478,
    0.1574259001396844,
    0.2357052147633745,
    0.31952422785736956
  ],
  "q_taken_mean_T": [
    761,
    10764,
    20783,
    30791,
    40795
  ],
  "return_mean": [
    6.324324324324323,
    5.035488686360779,
    4.1807702394175,
    3.230142642642643,
    2.2735970140446127
  ],
  "return_mean_T": [
    25,
    10035,
    20039,
    30041,
    40053
  ],
  "return_std": [
    0.0,
    0.5849817187606529,
    0.6266805657811464,
    0.5941356976638416,
    0.5951955363373285
  ],
  "return_std_T": [
    25,
    10035,
    20039,
    30041,
    40053
  ],
  "role_loss": [
    1.4751970767974854,
    0.05336024612188339,
    0.06725282222032547,
    0.10620094835758209,
    0.1923385113477707
  ],
  "role_loss_T": [
    761,
    10764,
    20783,
    30791,
    40795
  ],
  "role_q_taken_mean": [
    0.024296299228823284,
    0.36090489768197015,
    0.36178318855693803,
    0.339251608514982,
    0.2895000473859441
  ],
  "role_q_taken_mean_T": [
    761,
    10764,
    20783,
    30791,
    40795
  ],
  "target_mean": [
    0.03624004509383213,
    0.10660178382117469,
    0.1582948148304133,
    0.23783243089491884,
    0.28166521377070347
  ],
  "target_mean_T": [
    761,
    10764,
    20783,
    30791,
    40795
  ],
  "td_error_abs": [
    0.32204163560102866,
    0.10088306117702175,
    0.11566896258660082,
    0.11691956068753215,
    0.25362990107232514
  ],
  "td_error_abs_T": [
    761,
    10764,
    20783,
    30791,
    40795
  ],
  "test_battle_won_mean": [
    0.0,
    0.0,
    0.0,
    0.0,
    0.0
  ],
  "test_battle_won_mean_T": [
    25,
    10035,
    20039,
    30041,
    40053
  ],
  "test_ep_length_mean": [
    20.625,
    20.90625,
    20.6875,
    20.625,
    20.625
  ],
  "test_ep_length_mean_T": [
    25,
    10035,
    20039,
    30041,
    40053
  ],
  "test_return_mean": [
    0.0,
    0.0,
    0.0,
    0.0,
    0.0
  ],
  "test_return_mean_T": [
    25,
    10035,
    20039,
    30041,
    40053
  ],
  "test_return_std": [
    0.0,
    0.0,
    0.0,
    0.0,
    0.0
  ],
  "test_return_std_T": [
    25,
    10035,
    20039,
    30041,
    40053
  ]
}