{
  "action_encoder_grad_norm": [
    1.5156821012496948,
    1.7034258842468262,
    1.8572425842285156,
    1.974111795425415,
    1.1799741983413696
  ],
  "action_encoder_grad_norm_T": [
    663,
    10669,
    20679,
    30690,
    40705
  ],
  "battle_won_mean": [
    0.0,
    0.0,
    0.0,
    0.0,
    0.0,
    0.0
  ],
  "battle_won_mean_T": [
    20,
    10031,
    20042,
    30051,
    40058,
    50204
  ],
  "ep_length_mean": [
    20.0,
    21.120253164556964,
    21.07578947368421,
    21.20550847457627,
    21.11181434599156,
    21.45031712473573
  ],
  "ep_length_mean_T": [
    20,
    10031,
    20042,
    30051,
    40058,
    50204
  ],
  "episode": [
    474,
    949,
    1421,
    1895,
    2368
  ],
  "episode_T": [
    10007,
    20023,
    30032,
    40035,
    50054
  ],
  "epsilon": [
    0.0,
    0.0,
    0.0,
    0.0,
    0.0,
    0.0
  ],
  "epsilon_T": [
    20,
    10031,
    20042,
    30051,
    40058,
    50204
  ],
  "grad_norm": [
    2.1052310466766357,
    0.10889643430709839,
    0.3980041444301605,
    0.25810736417770386,
    0.1560666561126709,
    0.12116467207670212
  ],
  "grad_norm_T": [
    663,
    10669,
    20679,
    30690,
    40705,
    50751
  ],
  "ices_alpha": [
    0.1,
    0.1,
    0.1,
    0.1,
    0.1,
    0.1
  ],
  "ices_alpha_T": [
    663,
    10669,
    20679,
    30690,
    40705,
    50751
  ],
  "ices_entropy": [
    1.7530368566513062,
    1.7664369344711304,
    1.6048030853271484,
    1.6664172410964966,
    1.7111421823501587,
    1.6060912609100342
  ],
  "ices_entropy_T": [
    663,
    10669,
    20679,
    30690,
    40705,
    50751
  ],
  "ices_explorer_loss": [
    1.6153278350830078,
    -0.18458566069602966,
    -0.1521075814962387,
    -0.15889333188533783,
    -0.17950773239135742,
    -0.15339329838752747
  ],
  "ices_explorer_loss_T": [
    663,
    10669,
    20679,
    30690,
    40705,
    50751
  ],
  "ices_fraction_explore_actions": [
    0.10206133872270584,
    0.10151293128728867,
    0.09680638462305069,
    0.10543210059404373,
    0.10079247504472733,
    0.09615384787321091
  ],
  "ices_fraction_explore_actions_T": [
    663,
    10669,
    20679,
    30690,
    40705,
    50751
  ],
  "ices_intrinsic_mean": [
    0.6001084446907043,
    0.0025090216659009457,
    0.0008207962964661419,
    0.0004818823072127998,
    0.0003113811544608325,
    0.00017661014862824231
  ],
  "ices_intrinsic_mean_T": [
    663,
    10669,
    20679,
    30690,
    40705,
    50751
  ],
  "ices_intrinsic_std": [
    0.08793193101882935,
    0.0016984359826892614,
    0.0006216958863660693,
    0.0003307071456220001,
    0.00016777079144958407,
    0.00011949098552577198
  ],
  "ices_intrinsic_std_T": [
    663,
    10669,
    20679,
    30690,
    40705,
    50751
  ],
  "ices_kl_mean": [
    0.3602657616138458,
    0.0013059786288067698,
    0.0004333223623689264,
    0.00024104276963043958,
    0.00014128192560747266,
    8.865640847943723e-05
  ],
  "ices_kl_mean_T": [
    663,
    10669,
    20679,
    30690,
    40705,
    50751
  ],
  "ices_scaffold_loss": [
    1.1492946147918701,
    0.08892261981964111,
    0.07323473691940308,
    0.06919021904468536,
    0.06782028079032898,
    0.06629234552383423
  ],
  "ices_scaffold_loss_T": [
    663,
    10669,
    20679,
    30690,
    40705,
    50751
  ],
  "ices_value_loss": [
    0.5048350691795349,
    2.361444967391435e-05,
    2.7778596631833352e-05,
    2.2095846361480653e-05,
    2.390070767432917e-05,
    2.0249060980859213e-05
  ],
  "ices_value_loss_T": [
    663,
    10669,
    20679,
    30690,
    40705,
    50751
  ],
  "loss": [
    0.067576564848423,
    0.008304383605718613,
    0.007325386628508568,
    0.006860543508082628,
    0.006136177107691765,
    0.011598354205489159
  ],
  "loss_T": [
    663,
    10669,
    20679,
    30690,
    40705,
    50751
  ],
  "pred_obs_loss": [
    4.10048246383667,
    0.931528627872467,
    0.7629006505012512,
    0.7798894047737122,
    0.710820734500885
  ],
  "pred_obs_loss_T": [
    663,
    10669,
    20679,
    30690,
    40705
  ],
  "pred_r_loss": [
    0.008407896384596825,
    0.0035955647472292185,
    0.0032053575851023197,
    0.003766241716220975,
    0.0037886512000113726
  ],
  "pred_r_loss_T": [
    663,
    10669,
    20679,
    30690,
    40705
  ],
  "q_taken_mean": [
    -0.1526137285342823,
    -0.10626986249008663,
    -0.06532844954622007,
    -0.03001153451425058,
    -0.004608116036538383,
    0.04202302108854937
  ],
  "q_taken_mean_T": [
    663,
    10669,
    20679,
    30690,
    40705,
    50751
  ],
  "return_mean": [
    0.16216216216216217,
    0.7303533755274262,
    0.730896159317212,
    0.7310145155748969,
    0.7303605029079714,
    0.7505999657162449
  ],
  "return_mean_T": [
    20,
    10031,
    20042,
    30051,
    40058,
    50204
  ],
  "return_std": [
    0.0,
    0.3120843551619025,
    0.3177589340803115,
    0.31509184452327055,
    0.31384741501271257,
    0.3570067327592667
  ],
  "return_std_T": [
    20,
    10031,
    20042,
    30051,
    40058,
    50204
  ],
  "role_loss": [
    0.09404875338077545,
    0.03403245285153389,
    0.024183697998523712,
    0.02180309407413006,
    0.028370363637804985,
    0.02012244611978531
  ],
  "role_loss_T": [
    663,
    10669,
    20679,
    30690,
    40705,
    50751
  ],
  "role_q_taken_mean": [
    0.11028151238101652,
    0.08005754416088921,
    0.0618403451936739,
    0.0734426738410596,
    0.06364409342174829,
    0.04588811439380311
  ],
  "role_q_taken_mean_T": [
    663,
    10669,
    20679,
    30690,
    40705,
    50751
  ],
  "target_mean": [
    -0.14048634371366736,
    -0.10742341651748948,
    -0.0698155918996967,
    -0.03073823340145158,
    -0.004413268423245767,
    0.04112188726722371
  ],
  "target_mean_T": [
    663,
    10669,
    20679,
    30690,
    40705,
    50751
  ],
  "td_error_abs": [
    0.17680257621753628,
    0.06796781838725637,
    0.0692218506407595,
    0.06037345603660301,
    0.05474651727775585,
    0.07863026116726667
  ],
  "td_error_abs_T": [
    663,
    10669,
    20679,
    30690,
    40705,
    50751
  ],
  "test_battle_won_mean": [
    0.0,
    0.0,
    0.0,
    0.0,
    0.0,
    0.0
  ],
  "test_battle_won_mean_T": [
    20,
    10031,
    20042,
    30051,
    40058,
    50204
  ],
  "test_ep_length_mean": [
    20.84375,
    20.25,
    21.1875,
    20.9375,
    20.65625,
    59.0625
  ],
  "test_ep_length_mean_T": [
    20,
    10031,
    20042,
    30051,
    40058,
    50204
  ],
  "test_return_mean": [
    0.0,
    0.0,
    0.0,
    0.0,
    0.0,
    0.4429898648648649
  ],
  "test_return_mean_T": [
    20,
    10031,
    20042,
    30051,
    40058,
    50204
  ],
  "test_return_std": [
    0.0,
    0.0,
    0.0,
    0.0,
    0.0,
    0.6063011288806409
  ],
  "test_return_std_T": [
    20,
    10031,
    20042,
    30051,
    40058,
    50204
  ]
}